{
    "Content": "{ \"openapi\" : \"3.0.0\", \"info\" : { \"version\" : \"1.0.0\", \"title\" : \"AWSAPICallViaCloudTrail\" }, \"paths\" : { }, \"components\" : { \"schemas\" : { \"AWSEvent\" : { \"type\" : \"object\", \"required\" : [ \"detail-type\", \"resources\", \"detail\", \"id\", \"source\", \"time\", \"region\", \"version\", \"account\" ], \"x-amazon-events-detail-type\" : \"AWS API Call via CloudTrail\", \"x-amazon-events-source\" : \"aws.dlm\", \"properties\" : { \"detail\" : { \"$ref\" : \"#/components/schemas/AWSAPICallViaCloudTrail\" }, \"account\" : { \"type\" : \"string\" }, \"detail-type\" : { \"type\" : \"string\" }, \"id\" : { \"type\" : \"string\" }, \"region\" : { \"type\" : \"string\" }, \"resources\" : { \"type\" : \"array\", \"items\" : { \"type\" : \"string\" } }, \"source\" : { \"type\" : \"string\" }, \"time\" : { \"type\" : \"string\", \"format\" : \"date-time\" }, \"version\" : { \"type\" : \"string\" } } }, \"AWSAPICallViaCloudTrail\" : { \"type\" : \"object\", \"required\" : [ \"eventID\", \"awsRegion\", \"eventVersion\", \"responseElements\", \"sourceIPAddress\", \"eventSource\", \"requestParameters\", \"readOnly\", \"userAgent\", \"eventType\", \"userIdentity\", \"requestID\", \"eventTime\", \"eventName\" ], \"properties\" : { \"requestParameters\" : { \"$ref\" : \"#/components/schemas/RequestParameters\" }, \"responseElements\" : { \"$ref\" : \"#/components/schemas/ResponseElements\" }, \"userIdentity\" : { \"$ref\" : \"#/components/schemas/UserIdentity\" }, \"awsRegion\" : { \"type\" : \"string\" }, \"eventID\" : { \"type\" : \"string\" }, \"eventName\" : { \"type\" : \"string\" }, \"eventSource\" : { \"type\" : \"string\" }, \"eventTime\" : { \"type\" : \"string\", \"format\" : \"date-time\" }, \"eventType\" : { \"type\" : \"string\" }, \"eventVersion\" : { \"type\" : \"string\" }, \"readOnly\" : { \"type\" : \"boolean\" }, \"requestID\" : { \"type\" : \"string\" }, \"sourceIPAddress\" : { \"type\" : \"string\" }, \"userAgent\" : { \"type\" : \"string\" } } }, \"RequestParameters\" : { \"type\" : \"object\", \"properties\" : { \"PolicyDetails\" : { \"$ref\" : \"#/components/schemas/PolicyDetails\" }, \"Description\" : { \"type\" : \"string\" }, \"ExecutionRoleArn\" : { \"type\" : \"string\" }, \"State\" : { \"type\" : \"string\" }, \"policyId\" : { \"type\" : \"string\" } } }, \"ResponseElements\" : { \"type\" : \"object\", \"nullable\" : true, \"required\" : [ \"PolicyId\" ], \"properties\" : { \"PolicyId\" : { \"type\" : \"string\", \"nullable\" : true } } }, \"UserIdentity\" : { \"type\" : \"object\", \"required\" : [ \"accessKeyId\", \"sessionContext\", \"accountId\", \"principalId\", \"arn\", \"type\" ], \"properties\" : { \"sessionContext\" : { \"$ref\" : \"#/components/schemas/SessionContext\" }, \"accessKeyId\" : { \"type\" : \"string\" }, \"accountId\" : { \"type\" : \"string\" }, \"arn\" : { \"type\" : \"string\" }, \"principalId\" : { \"type\" : \"string\" }, \"type\" : { \"type\" : \"string\" } } }, \"PolicyDetails\" : { \"type\" : \"object\", \"properties\" : { \"PolicyType\" : { \"type\" : \"string\" }, \"ResourceTypes\" : { \"type\" : \"array\", \"items\" : { \"type\" : \"string\", \"nullable\" : true } }, \"Schedules\" : { \"type\" : \"array\", \"items\" : { \"$ref\" : \"#/components/schemas/PolicyDetailsItem\" } }, \"TargetTags\" : { \"type\" : \"array\", \"items\" : { \"$ref\" : \"#/components/schemas/PolicyDetailsItem_1\" } } } }, \"SessionContext\" : { \"type\" : \"object\", \"required\" : [ \"sessionIssuer\", \"attributes\" ], \"properties\" : { \"attributes\" : { \"$ref\" : \"#/components/schemas/Attributes\" }, \"sessionIssuer\" : { \"$ref\" : \"#/components/schemas/SessionIssuer\" } } }, \"PolicyDetailsItem\" : { \"type\" : \"object\", \"nullable\" : true, \"required\" : [ \"CreateRule\", \"TagsToAdd\", \"RetainRule\", \"Name\" ], \"properties\" : { \"CreateRule\" : { \"$ref\" : \"#/components/schemas/CreateRule\" }, \"FastRestoreRule\" : { \"$ref\" : \"#/components/schemas/FastRestoreRule\" }, \"RetainRule\" : { \"$ref\" : \"#/components/schemas/RetainRule\" }, \"CopyTags\" : { \"type\" : \"boolean\", \"nullable\" : true }, \"Name\" : { \"type\" : \"string\", \"nullable\" : true }, \"TagsToAdd\" : { \"type\" : \"array\", \"items\" : { \"$ref\" : \"#/components/schemas/PolicyDetailsItemItem\" } } } }, \"PolicyDetailsItem_1\" : { \"type\" : \"object\", \"nullable\" : true, \"required\" : [ \"Value\", \"Key\" ], \"properties\" : { \"Key\" : { \"type\" : \"string\", \"nullable\" : true }, \"Value\" : { \"type\" : \"string\", \"nullable\" : true } } }, \"Attributes\" : { \"type\" : \"object\", \"required\" : [ \"mfaAuthenticated\", \"creationDate\" ], \"properties\" : { \"creationDate\" : { \"type\" : \"string\", \"format\" : \"date-time\" }, \"mfaAuthenticated\" : { \"type\" : \"string\" } } }, \"SessionIssuer\" : { \"type\" : \"object\", \"required\" : [ \"accountId\", \"principalId\", \"arn\", \"type\", \"userName\" ], \"properties\" : { \"accountId\" : { \"type\" : \"string\" }, \"arn\" : { \"type\" : \"string\" }, \"principalId\" : { \"type\" : \"string\" }, \"type\" : { \"type\" : \"string\" }, \"userName\" : { \"type\" : \"string\" } } }, \"CreateRule\" : { \"type\" : \"object\", \"nullable\" : true, \"required\" : [ \"IntervalUnit\", \"Times\", \"Interval\" ], \"properties\" : { \"Interval\" : { \"type\" : \"number\", \"nullable\" : true }, \"IntervalUnit\" : { \"type\" : \"string\", \"nullable\" : true }, \"Times\" : { \"type\" : \"array\", \"nullable\" : true, \"items\" : { \"type\" : \"string\", \"nullable\" : true } } } }, \"FastRestoreRule\" : { \"type\" : \"object\", \"nullable\" : true, \"properties\" : { \"AvailabilityZones\" : { \"type\" : \"array\", \"nullable\" : true, \"items\" : { \"type\" : \"string\", \"nullable\" : true } }, \"Count\" : { \"type\" : \"number\", \"nullable\" : true } } }, \"RetainRule\" : { \"type\" : \"object\", \"nullable\" : true, \"required\" : [ \"Count\" ], \"properties\" : { \"Count\" : { \"type\" : \"number\", \"nullable\" : true } } }, \"PolicyDetailsItemItem\" : { \"type\" : \"object\", \"nullable\" : true, \"required\" : [ \"Value\", \"Key\" ], \"properties\" : { \"Key\" : { \"type\" : \"string\", \"nullable\" : true }, \"Value\" : { \"type\" : \"string\", \"nullable\" : true } } } } } }",
    "Description": "Schema for event type AWSAPICallViaCloudTrail, published by AWS service aws.dlm",
    "LastModified": "2020-03-27T04:35:20Z",
    "SchemaArn": "",
    "SchemaName": "aws.dlm@AWSAPICallViaCloudTrail",
    "SchemaVersion": "1",
    "Tags": {},
    "Type": "OpenApi3",
    "VersionCreatedDate": "2020-03-27T04:35:20Z"
}
