{
    "Content": "{ \"openapi\" : \"3.0.0\", \"info\" : { \"version\" : \"1.0.0\", \"title\" : \"AWSAPICallViaCloudTrail\" }, \"paths\" : { }, \"components\" : { \"schemas\" : { \"AWSEvent\" : { \"type\" : \"object\", \"required\" : [ \"detail-type\", \"resources\", \"id\", \"source\", \"time\", \"detail\", \"region\", \"version\", \"account\" ], \"x-amazon-events-detail-type\" : \"AWS API Call via CloudTrail\", \"x-amazon-events-source\" : \"aws.batch\", \"properties\" : { \"detail\" : { \"$ref\" : \"#/components/schemas/AWSAPICallViaCloudTrail\" }, \"detail-type\" : { \"type\" : \"string\" }, \"resources\" : { \"type\" : \"array\", \"items\" : { \"type\" : \"string\" } }, \"id\" : { \"type\" : \"string\" }, \"source\" : { \"type\" : \"string\" }, \"time\" : { \"type\" : \"string\", \"format\" : \"date-time\" }, \"region\" : { \"type\" : \"string\" }, \"version\" : { \"type\" : \"string\" }, \"account\" : { \"type\" : \"string\" } } }, \"AWSAPICallViaCloudTrail\" : { \"type\" : \"object\", \"required\" : [ \"eventID\", \"awsRegion\", \"eventVersion\", \"responseElements\", \"sourceIPAddress\", \"eventSource\", \"requestParameters\", \"userAgent\", \"readOnly\", \"userIdentity\", \"eventType\", \"requestID\", \"eventTime\", \"eventName\" ], \"properties\" : { \"responseElements\" : { \"$ref\" : \"#/components/schemas/ResponseElements\" }, \"requestParameters\" : { \"$ref\" : \"#/components/schemas/RequestParameters\" }, \"userIdentity\" : { \"$ref\" : \"#/components/schemas/UserIdentity\" }, \"eventID\" : { \"type\" : \"string\" }, \"awsRegion\" : { \"type\" : \"string\" }, \"eventVersion\" : { \"type\" : \"string\" }, \"sourceIPAddress\" : { \"type\" : \"string\" }, \"eventSource\" : { \"type\" : \"string\" }, \"userAgent\" : { \"type\" : \"string\" }, \"readOnly\" : { \"type\" : \"boolean\" }, \"eventType\" : { \"type\" : \"string\" }, \"requestID\" : { \"type\" : \"string\" }, \"eventTime\" : { \"type\" : \"string\", \"format\" : \"date-time\" }, \"eventName\" : { \"type\" : \"string\" } } }, \"ResponseElements\" : { \"type\" : \"object\", \"required\" : [ \"jobName\", \"jobId\" ], \"properties\" : { \"jobName\" : { \"type\" : \"string\" }, \"jobId\" : { \"type\" : \"string\" } } }, \"RequestParameters\" : { \"type\" : \"object\", \"required\" : [ \"jobName\", \"jobQueue\", \"jobDefinition\" ], \"properties\" : { \"containerOverrides\" : { \"$ref\" : \"#/components/schemas/ContainerOverrides\" }, \"jobName\" : { \"type\" : \"string\" }, \"jobQueue\" : { \"type\" : \"string\" }, \"jobDefinition\" : { \"type\" : \"string\" } } }, \"UserIdentity\" : { \"type\" : \"object\", \"required\" : [ \"accessKeyId\", \"sessionContext\", \"accountId\", \"principalId\", \"type\", \"arn\", \"invokedBy\" ], \"properties\" : { \"sessionContext\" : { \"$ref\" : \"#/components/schemas/SessionContext\" }, \"accessKeyId\" : { \"type\" : \"string\" }, \"accountId\" : { \"type\" : \"string\" }, \"principalId\" : { \"type\" : \"string\" }, \"type\" : { \"type\" : \"string\" }, \"arn\" : { \"type\" : \"string\" }, \"invokedBy\" : { \"type\" : \"string\" } } }, \"ContainerOverrides\" : { \"type\" : \"object\", \"properties\" : { \"environment\" : { \"type\" : \"array\", \"items\" : { \"$ref\" : \"#/components/schemas/ContainerOverridesItem\" } } } }, \"SessionContext\" : { \"type\" : \"object\", \"required\" : [ \"sessionIssuer\", \"attributes\" ], \"properties\" : { \"sessionIssuer\" : { \"$ref\" : \"#/components/schemas/SessionIssuer\" }, \"attributes\" : { \"$ref\" : \"#/components/schemas/Attributes\" } } }, \"ContainerOverridesItem\" : { \"type\" : \"object\", \"nullable\" : true, \"required\" : [ \"name\", \"value\" ], \"properties\" : { \"name\" : { \"type\" : \"string\", \"nullable\" : true }, \"value\" : { \"type\" : \"string\", \"nullable\" : true } } }, \"SessionIssuer\" : { \"type\" : \"object\", \"required\" : [ \"accountId\", \"principalId\", \"type\", \"arn\", \"userName\" ], \"properties\" : { \"accountId\" : { \"type\" : \"string\" }, \"principalId\" : { \"type\" : \"string\" }, \"type\" : { \"type\" : \"string\" }, \"arn\" : { \"type\" : \"string\" }, \"userName\" : { \"type\" : \"string\" } } }, \"Attributes\" : { \"type\" : \"object\", \"required\" : [ \"mfaAuthenticated\", \"creationDate\" ], \"properties\" : { \"mfaAuthenticated\" : { \"type\" : \"string\" }, \"creationDate\" : { \"type\" : \"string\", \"format\" : \"date-time\" } } } } } } ",
    "Description": "Schema for event type AWSAPICallViaCloudTrail, published by AWS service aws.batch",
    "LastModified": "2020-03-27T04:35:19Z",
    "SchemaArn": "",
    "SchemaName": "aws.batch@AWSAPICallViaCloudTrail",
    "SchemaVersion": "1",
    "Tags": {},
    "Type": "OpenApi3",
    "VersionCreatedDate": "2020-03-27T04:35:19Z"
}
