{
    "Content": "{ \"openapi\" : \"3.0.0\", \"info\" : { \"version\" : \"1.0.0\", \"title\" : \"AWSAPICallViaCloudTrail\" }, \"paths\" : { }, \"components\" : { \"schemas\" : { \"AWSEvent\" : { \"type\" : \"object\", \"required\" : [ \"detail-type\", \"resources\", \"detail\", \"id\", \"source\", \"time\", \"region\", \"version\", \"account\" ], \"x-amazon-events-detail-type\" : \"AWS API Call via CloudTrail\", \"x-amazon-events-source\" : \"aws.iotanalytics\", \"properties\" : { \"detail\" : { \"$ref\" : \"#/components/schemas/AWSAPICallViaCloudTrail\" }, \"account\" : { \"type\" : \"string\" }, \"detail-type\" : { \"type\" : \"string\" }, \"id\" : { \"type\" : \"string\" }, \"region\" : { \"type\" : \"string\" }, \"resources\" : { \"type\" : \"array\", \"items\" : { \"type\" : \"string\" } }, \"source\" : { \"type\" : \"string\" }, \"time\" : { \"type\" : \"string\", \"format\" : \"date-time\" }, \"version\" : { \"type\" : \"string\" } } }, \"AWSAPICallViaCloudTrail\" : { \"type\" : \"object\", \"required\" : [ \"eventID\", \"awsRegion\", \"eventVersion\", \"responseElements\", \"sourceIPAddress\", \"eventSource\", \"requestParameters\", \"userAgent\", \"eventType\", \"userIdentity\", \"requestID\", \"eventTime\", \"eventName\" ], \"properties\" : { \"requestParameters\" : { \"$ref\" : \"#/components/schemas/RequestParameters\" }, \"responseElements\" : { \"$ref\" : \"#/components/schemas/ResponseElements\" }, \"userIdentity\" : { \"$ref\" : \"#/components/schemas/UserIdentity\" }, \"awsRegion\" : { \"type\" : \"string\" }, \"errorCode\" : { \"type\" : \"string\" }, \"errorMessage\" : { \"type\" : \"string\" }, \"eventID\" : { \"type\" : \"string\" }, \"eventName\" : { \"type\" : \"string\" }, \"eventSource\" : { \"type\" : \"string\" }, \"eventTime\" : { \"type\" : \"string\", \"format\" : \"date-time\" }, \"eventType\" : { \"type\" : \"string\" }, \"eventVersion\" : { \"type\" : \"string\" }, \"requestID\" : { \"type\" : \"string\" }, \"sourceIPAddress\" : { \"type\" : \"string\" }, \"userAgent\" : { \"type\" : \"string\" } } }, \"RequestParameters\" : { \"type\" : \"object\", \"properties\" : { \"channelStorage\" : { \"$ref\" : \"#/components/schemas/ChannelStorage\" }, \"datastoreStorage\" : { \"$ref\" : \"#/components/schemas/ChannelStorage\" }, \"loggingOptions\" : { \"$ref\" : \"#/components/schemas/LoggingOptions\" }, \"pipelineActivity\" : { \"$ref\" : \"#/components/schemas/PipelineActivity\" }, \"queryAction\" : { \"$ref\" : \"#/components/schemas/QueryAction\" }, \"retentionPeriod\" : { \"$ref\" : \"#/components/schemas/RetentionPeriod\" }, \"settings\" : { \"$ref\" : \"#/components/schemas/Settings\" }, \"channelName\" : { \"type\" : \"string\" }, \"datasetName\" : { \"type\" : \"string\" }, \"datastoreIndexName\" : { \"type\" : \"string\" }, \"datastoreName\" : { \"type\" : \"string\" }, \"endTime\" : { \"type\" : \"string\" }, \"maxMessages\" : { \"type\" : \"number\" }, \"payloads\" : { \"type\" : \"array\", \"items\" : { \"$ref\" : \"#/components/schemas/RequestParametersItem\" } }, \"pipelineName\" : { \"type\" : \"string\" }, \"reprocessingId\" : { \"type\" : \"string\" }, \"resourceArn\" : { \"type\" : \"string\" }, \"startTime\" : { \"type\" : \"string\" }, \"tagKeys\" : { \"type\" : \"array\", \"items\" : { \"type\" : \"string\", \"nullable\" : true } }, \"tags\" : { \"type\" : \"array\", \"items\" : { \"$ref\" : \"#/components/schemas/RequestParametersItem_1\" } }, \"versionId\" : { \"type\" : \"string\" } } }, \"ResponseElements\" : { \"type\" : \"object\", \"nullable\" : true, \"properties\" : { \"retentionPeriod\" : { \"$ref\" : \"#/components/schemas/RetentionPeriod_1\" }, \"channelArn\" : { \"type\" : \"string\", \"nullable\" : true }, \"channelName\" : { \"type\" : \"string\", \"nullable\" : true }, \"datasetArn\" : { \"type\" : \"string\", \"nullable\" : true }, \"datasetName\" : { \"type\" : \"string\", \"nullable\" : true }, \"datastoreArn\" : { \"type\" : \"string\", \"nullable\" : true }, \"datastoreIndexArn\" : { \"type\" : \"string\", \"nullable\" : true }, \"datastoreIndexName\" : { \"type\" : \"string\", \"nullable\" : true }, \"datastoreName\" : { \"type\" : \"string\", \"nullable\" : true }, \"pipelineArn\" : { \"type\" : \"string\", \"nullable\" : true }, \"pipelineName\" : { \"type\" : \"string\", \"nullable\" : true }, \"reprocessingId\" : { \"type\" : \"string\", \"nullable\" : true }, \"versionId\" : { \"type\" : \"string\", \"nullable\" : true } } }, \"UserIdentity\" : { \"type\" : \"object\", \"required\" : [ \"accessKeyId\", \"sessionContext\", \"accountId\", \"principalId\", \"arn\", \"type\" ], \"properties\" : { \"sessionContext\" : { \"$ref\" : \"#/components/schemas/SessionContext\" }, \"accessKeyId\" : { \"type\" : \"string\" }, \"accountId\" : { \"type\" : \"string\" }, \"arn\" : { \"type\" : \"string\" }, \"principalId\" : { \"type\" : \"string\" }, \"type\" : { \"type\" : \"string\" } } }, \"ChannelStorage\" : { \"type\" : \"object\", \"properties\" : { \"customerManagedS3\" : { \"$ref\" : \"#/components/schemas/CustomerManagedS3\" } } }, \"LoggingOptions\" : { \"type\" : \"object\", \"properties\" : { \"enabled\" : { \"type\" : \"boolean\" } } }, \"PipelineActivity\" : { \"type\" : \"object\", \"properties\" : { \"math\" : { \"$ref\" : \"#/components/schemas/Math\" } } }, \"QueryAction\" : { \"type\" : \"object\", \"properties\" : { \"sqlQuery\" : { \"type\" : \"string\" } } }, \"RetentionPeriod\" : { \"type\" : \"object\", \"properties\" : { \"numberOfDays\" : { \"type\" : \"number\" }, \"unlimited\" : { \"type\" : \"boolean\" } } }, \"Settings\" : { \"type\" : \"object\", \"properties\" : { \"timeseries\" : { \"$ref\" : \"#/components/schemas/Timeseries\" } } }, \"RequestParametersItem\" : { \"type\" : \"object\", \"nullable\" : true, \"required\" : [ \"bigEndian\", \"nativeByteOrder\", \"address\", \"isReadOnly\", \"offset\", \"limit\", \"hb\", \"position\", \"mark\", \"capacity\" ], \"properties\" : { \"address\" : { \"type\" : \"number\", \"nullable\" : true }, \"bigEndian\" : { \"type\" : \"boolean\", \"nullable\" : true }, \"capacity\" : { \"type\" : \"number\", \"nullable\" : true }, \"hb\" : { \"type\" : \"array\", \"nullable\" : true, \"items\" : { \"type\" : \"number\", \"nullable\" : true } }, \"isReadOnly\" : { \"type\" : \"boolean\", \"nullable\" : true }, \"limit\" : { \"type\" : \"number\", \"nullable\" : true }, \"mark\" : { \"type\" : \"number\", \"nullable\" : true }, \"nativeByteOrder\" : { \"type\" : \"boolean\", \"nullable\" : true }, \"offset\" : { \"type\" : \"number\", \"nullable\" : true }, \"position\" : { \"type\" : \"number\", \"nullable\" : true } } }, \"RequestParametersItem_1\" : { \"type\" : \"object\", \"nullable\" : true, \"required\" : [ \"value\", \"key\" ], \"properties\" : { \"key\" : { \"type\" : \"string\", \"nullable\" : true }, \"value\" : { \"type\" : \"string\", \"nullable\" : true } } }, \"RetentionPeriod_1\" : { \"type\" : \"object\", \"nullable\" : true, \"properties\" : { \"numberOfDays\" : { \"type\" : \"number\", \"nullable\" : true }, \"unlimited\" : { \"type\" : \"boolean\", \"nullable\" : true } } }, \"SessionContext\" : { \"type\" : \"object\", \"required\" : [ \"webIdFederationData\", \"sessionIssuer\", \"attributes\" ], \"properties\" : { \"attributes\" : { \"$ref\" : \"#/components/schemas/Attributes\" }, \"sessionIssuer\" : { \"$ref\" : \"#/components/schemas/SessionIssuer\" }, \"webIdFederationData\" : { \"$ref\" : \"#/components/schemas/WebIdFederationData\" } } }, \"CustomerManagedS3\" : { \"type\" : \"object\", \"properties\" : { \"bucket\" : { \"type\" : \"string\" }, \"keyPrefix\" : { \"type\" : \"string\" }, \"roleArn\" : { \"type\" : \"string\" } } }, \"Math\" : { \"type\" : \"object\", \"properties\" : { \"attribute\" : { \"type\" : \"string\" }, \"math\" : { \"type\" : \"string\" }, \"name\" : { \"type\" : \"string\" } } }, \"Timeseries\" : { \"type\" : \"object\", \"properties\" : { \"dimensionAttributes\" : { \"type\" : \"array\", \"items\" : { \"$ref\" : \"#/components/schemas/TimeseriesItem\" } }, \"measureAttributes\" : { \"type\" : \"array\", \"items\" : { \"$ref\" : \"#/components/schemas/TimeseriesItem\" } }, \"timestampAttribute\" : { \"type\" : \"string\" } } }, \"Attributes\" : { \"type\" : \"object\", \"required\" : [ \"mfaAuthenticated\", \"creationDate\" ], \"properties\" : { \"creationDate\" : { \"type\" : \"string\", \"format\" : \"date-time\" }, \"mfaAuthenticated\" : { \"type\" : \"string\" } } }, \"SessionIssuer\" : { \"type\" : \"object\", \"required\" : [ \"accountId\", \"principalId\", \"arn\", \"type\", \"userName\" ], \"properties\" : { \"accountId\" : { \"type\" : \"string\" }, \"arn\" : { \"type\" : \"string\" }, \"principalId\" : { \"type\" : \"string\" }, \"type\" : { \"type\" : \"string\" }, \"userName\" : { \"type\" : \"string\" } } }, \"WebIdFederationData\" : { \"type\" : \"object\", \"properties\" : { \"federatedProvider\" : { \"type\" : \"string\" }, \"attributes\" : { \"type\" : \"object\", \"additionalProperties\" : { \"type\" : \"string\" } } } }, \"TimeseriesItem\" : { \"type\" : \"object\", \"nullable\" : true, \"required\" : [ \"name\", \"attribute\" ], \"properties\" : { \"attribute\" : { \"type\" : \"string\", \"nullable\" : true }, \"name\" : { \"type\" : \"string\", \"nullable\" : true } } } } } } ",
    "Description": "Schema for event type AWSAPICallViaCloudTrail, published by AWS service aws.iotanalytics",
    "LastModified": "2020-03-27T04:35:19Z",
    "SchemaArn": "",
    "SchemaName": "aws.iotanalytics@AWSAPICallViaCloudTrail",
    "SchemaVersion": "1",
    "Tags": {},
    "Type": "OpenApi3",
    "VersionCreatedDate": "2020-03-27T04:35:19Z"
}
