{
    "Content": "{ \"openapi\" : \"3.0.0\", \"info\" : { \"version\" : \"1.0.0\", \"title\" : \"GlueDataCatalogDatabaseStateChange\" }, \"paths\" : { }, \"components\" : { \"schemas\" : { \"AWSEvent\" : { \"type\" : \"object\", \"required\" : [ \"detail-type\", \"resources\", \"id\", \"source\", \"time\", \"detail\", \"region\", \"version\", \"account\" ], \"x-amazon-events-detail-type\" : \"Glue Data Catalog Database State Change\", \"x-amazon-events-source\" : \"aws.glue\", \"properties\" : { \"detail\" : { \"$ref\" : \"#/components/schemas/GlueDataCatalogDatabaseStateChange\" }, \"detail-type\" : { \"type\" : \"string\" }, \"resources\" : { \"type\" : \"array\", \"items\" : { \"type\" : \"string\" } }, \"id\" : { \"type\" : \"string\" }, \"source\" : { \"type\" : \"string\" }, \"time\" : { \"type\" : \"string\", \"format\" : \"date-time\" }, \"region\" : { \"type\" : \"string\" }, \"version\" : { \"type\" : \"string\" }, \"account\" : { \"type\" : \"string\" } } }, \"GlueDataCatalogDatabaseStateChange\" : { \"type\" : \"object\", \"required\" : [ \"databaseName\", \"typeOfChange\", \"changedTables\" ], \"properties\" : { \"databaseName\" : { \"type\" : \"string\" }, \"typeOfChange\" : { \"type\" : \"string\" }, \"changedTables\" : { \"type\" : \"array\", \"items\" : { \"type\" : \"string\" } } } } } } }",
    "Description": "Schema for event type GlueDataCatalogDatabaseStateChange, published by AWS service aws.glue",
    "LastModified": "2020-03-27T04:35:18Z",
    "SchemaArn": "",
    "SchemaName": "aws.glue@GlueDataCatalogDatabaseStateChange",
    "SchemaVersion": "1",
    "Tags": {},
    "Type": "OpenApi3",
    "VersionCreatedDate": "2020-03-27T04:35:18Z"
}
