{
    "Content": "{ \"openapi\": \"3.0.0\", \"info\": { \"version\": \"1.0.0\", \"title\": \"SyntheticsCanaryStatusChange\" }, \"paths\": {}, \"components\": { \"schemas\": { \"AWSEvent\": { \"type\": \"object\", \"required\": [\"detail-type\", \"resources\", \"detail\", \"id\", \"source\", \"time\", \"region\", \"version\", \"account\"], \"x-amazon-events-detail-type\": \"Synthetics Canary Status Change\", \"x-amazon-events-source\": \"aws.synthetics\", \"properties\": { \"detail\": { \"$ref\": \"#/components/schemas/SyntheticsCanaryStatusChange\" }, \"account\": { \"type\": \"string\" }, \"detail-type\": { \"type\": \"string\" }, \"id\": { \"type\": \"string\" }, \"region\": { \"type\": \"string\" }, \"resources\": { \"type\": \"array\", \"items\": { \"type\": \"object\" } }, \"source\": { \"type\": \"string\" }, \"time\": { \"type\": \"string\", \"format\": \"date-time\" }, \"version\": { \"type\": \"string\" } } }, \"SyntheticsCanaryStatusChange\": { \"type\": \"object\", \"required\": [\"previous-state\", \"updated-on\", \"account-id\", \"changed-config\", \"canary-id\", \"message\", \"canary-name\", \"current-state\", \"source-location\"], \"properties\": { \"changed-config\": { \"$ref\": \"#/components/schemas/Changed-config\" }, \"account-id\": { \"type\": \"string\" }, \"canary-id\": { \"type\": \"string\" }, \"canary-name\": { \"type\": \"string\" }, \"current-state\": { \"type\": \"string\" }, \"message\": { \"type\": \"string\" }, \"previous-state\": { \"type\": \"string\" }, \"source-location\": { \"type\": \"string\" }, \"updated-on\": { \"type\": \"number\", \"format\": \"double\" } } }, \"Changed-config\": { \"type\": \"object\", \"required\": [\"executionArn\", \"testCodeLayerVersionArn\"], \"properties\": { \"executionArn\": { \"$ref\": \"#/components/schemas/ExecutionArn\" }, \"testCodeLayerVersionArn\": { \"$ref\": \"#/components/schemas/TestCodeLayerVersionArn\" } } }, \"ExecutionArn\": { \"type\": \"object\", \"required\": [\"previous-value\", \"current-value\"], \"properties\": { \"current-value\": { \"type\": \"string\" }, \"previous-value\": { \"type\": \"string\" } } }, \"TestCodeLayerVersionArn\": { \"type\": \"object\", \"required\": [\"previous-value\", \"current-value\"], \"properties\": { \"current-value\": { \"type\": \"string\" }, \"previous-value\": { \"type\": \"string\" } } } } } }",
    "Description": "Schema for event type SyntheticsCanaryStatusChange, published by AWS service aws.synthetics",
    "LastModified": "2021-04-13T19:41:31Z",
    "SchemaArn": "",
    "SchemaName": "aws.synthetics@SyntheticsCanaryStatusChange",
    "SchemaVersion": "1",
    "Tags": {},
    "Type": "OpenApi3",
    "VersionCreatedDate": "2021-04-13T19:41:31Z"
}
