{
    "Content": "{ \"openapi\" : \"3.0.0\", \"info\" : { \"version\" : \"1.0.0\", \"title\" : \"AWSServiceEventViaCloudTrail\" }, \"paths\" : { }, \"components\" : { \"schemas\" : { \"AWSEvent\" : { \"type\" : \"object\", \"required\" : [ \"detail-type\", \"resources\", \"detail\", \"id\", \"source\", \"time\", \"region\", \"version\", \"account\" ], \"x-amazon-events-detail-type\" : \"AWS Service Event via CloudTrail\", \"x-amazon-events-source\" : \"aws.codebuild\", \"properties\" : { \"detail\" : { \"$ref\" : \"#/components/schemas/AWSServiceEventViaCloudTrail\" }, \"account\" : { \"type\" : \"string\" }, \"detail-type\" : { \"type\" : \"string\" }, \"id\" : { \"type\" : \"string\" }, \"region\" : { \"type\" : \"string\" }, \"resources\" : { \"type\" : \"array\", \"items\" : { \"type\" : \"string\" } }, \"source\" : { \"type\" : \"string\" }, \"time\" : { \"type\" : \"string\", \"format\" : \"date-time\" }, \"version\" : { \"type\" : \"string\" } } }, \"AWSServiceEventViaCloudTrail\" : { \"type\" : \"object\", \"required\" : [ \"eventID\", \"awsRegion\", \"eventVersion\", \"sourceIPAddress\", \"eventSource\", \"eventTime\", \"serviceEventDetails\", \"eventName\", \"readOnly\", \"userAgent\", \"eventType\", \"userIdentity\" ], \"properties\" : { \"serviceEventDetails\" : { \"$ref\" : \"#/components/schemas/ServiceEventDetails\" }, \"userIdentity\" : { \"$ref\" : \"#/components/schemas/UserIdentity\" }, \"awsRegion\" : { \"type\" : \"string\" }, \"eventID\" : { \"type\" : \"string\" }, \"eventName\" : { \"type\" : \"string\" }, \"eventSource\" : { \"type\" : \"string\" }, \"eventTime\" : { \"type\" : \"string\", \"format\" : \"date-time\" }, \"eventType\" : { \"type\" : \"string\" }, \"eventVersion\" : { \"type\" : \"string\" }, \"readOnly\" : { \"type\" : \"boolean\" }, \"sourceIPAddress\" : { \"type\" : \"string\" }, \"userAgent\" : { \"type\" : \"string\" } } }, \"ServiceEventDetails\" : { \"type\" : \"object\", \"required\" : [ \"response\" ], \"properties\" : { \"response\" : { \"type\" : \"string\" } } }, \"UserIdentity\" : { \"type\" : \"object\", \"required\" : [ \"accountId\", \"invokedBy\" ], \"properties\" : { \"accountId\" : { \"type\" : \"string\" }, \"invokedBy\" : { \"type\" : \"string\" } } } } } }",
    "Description": "Schema for event type AWSServiceEventViaCloudTrail, published by AWS service aws.codebuild",
    "LastModified": "2020-03-27T04:35:19Z",
    "SchemaArn": "",
    "SchemaName": "aws.codebuild@AWSServiceEventViaCloudTrail",
    "SchemaVersion": "1",
    "Tags": {},
    "Type": "OpenApi3",
    "VersionCreatedDate": "2020-03-27T04:35:19Z"
}
