{
    "Content": "{ \"openapi\": \"3.0.0\", \"info\": { \"version\": \"1.0.0\", \"title\": \"SimpleWorkflowExecutionStateChange\" }, \"paths\": {}, \"components\": { \"schemas\": { \"AWSEvent\": { \"type\": \"object\", \"required\": [\"detail-type\", \"resources\", \"detail\", \"id\", \"source\", \"time\", \"region\", \"version\", \"account\"], \"x-amazon-events-detail-type\": \"Simple Workflow Execution State Change\", \"x-amazon-events-source\": \"aws.swf\", \"properties\": { \"detail\": { \"$ref\": \"#/components/schemas/SimpleWorkflowExecutionStateChange\" }, \"account\": { \"type\": \"string\" }, \"detail-type\": { \"type\": \"string\" }, \"id\": { \"type\": \"string\" }, \"region\": { \"type\": \"string\" }, \"resources\": { \"type\": \"array\", \"items\": { \"type\": \"string\" } }, \"source\": { \"type\": \"string\" }, \"time\": { \"type\": \"string\", \"format\": \"date-time\" }, \"version\": { \"type\": \"string\" } } }, \"SimpleWorkflowExecutionStateChange\": { \"type\": \"object\", \"required\": [\"eventId\", \"workflowExecutionDetail\", \"eventType\"], \"properties\": { \"workflowExecutionDetail\": { \"$ref\": \"#/components/schemas/WorkflowExecutionDetail\" }, \"eventId\": { \"type\": \"number\" }, \"eventType\": { \"type\": \"string\" } } }, \"WorkflowExecutionDetail\": { \"type\": \"object\", \"required\": [\"executionConfiguration\", \"latestActivityTaskTimestamp\", \"executionInfo\", \"openCounts\"], \"properties\": { \"executionConfiguration\": { \"$ref\": \"#/components/schemas/ExecutionConfiguration\" }, \"executionInfo\": { \"$ref\": \"#/components/schemas/ExecutionInfo\" }, \"openCounts\": { \"$ref\": \"#/components/schemas/OpenCounts\" }, \"latestActivityTaskTimestamp\": { \"type\": \"object\", \"nullable\": true } } }, \"ExecutionConfiguration\": { \"type\": \"object\", \"required\": [\"lambdaRole\", \"childPolicy\", \"taskPriority\", \"taskList\", \"taskStartToCloseTimeout\", \"executionStartToCloseTimeout\"], \"properties\": { \"taskList\": { \"$ref\": \"#/components/schemas/TaskList\" }, \"childPolicy\": { \"type\": \"string\" }, \"executionStartToCloseTimeout\": { \"type\": \"string\" }, \"lambdaRole\": { \"type\": \"string\" }, \"taskPriority\": { \"type\": \"object\", \"nullable\": true }, \"taskStartToCloseTimeout\": { \"type\": \"string\" } } }, \"ExecutionInfo\": { \"type\": \"object\", \"required\": [\"parentExecutionArn\", \"tagList\", \"execution\", \"parent\", \"closeStatus\", \"executionStatus\", \"workflowType\", \"cancelRequested\", \"closeTimestamp\", \"startTimestamp\"], \"properties\": { \"execution\": { \"$ref\": \"#/components/schemas/Execution\" }, \"workflowType\": { \"$ref\": \"#/components/schemas/WorkflowType\" }, \"cancelRequested\": { \"type\": \"boolean\" }, \"closeStatus\": { \"type\": \"object\", \"nullable\": true }, \"closeTimestamp\": { \"type\": \"object\", \"nullable\": true }, \"executionStatus\": { \"type\": \"string\" }, \"parent\": { \"type\": \"object\", \"nullable\": true }, \"parentExecutionArn\": { \"type\": \"object\", \"nullable\": true }, \"startTimestamp\": { \"type\": \"integer\", \"format\": \"int64\" }, \"tagList\": { \"type\": \"object\", \"nullable\": true } } }, \"OpenCounts\": { \"type\": \"object\", \"required\": [\"openDecisionTasks\", \"openLambdaFunctions\", \"openChildWorkflowExecutions\", \"openTimers\", \"openActivityTasks\"], \"properties\": { \"openActivityTasks\": { \"type\": \"number\" }, \"openChildWorkflowExecutions\": { \"type\": \"number\" }, \"openDecisionTasks\": { \"type\": \"number\" }, \"openLambdaFunctions\": { \"type\": \"number\" }, \"openTimers\": { \"type\": \"number\" } } }, \"TaskList\": { \"type\": \"object\", \"required\": [\"name\"], \"properties\": { \"name\": { \"type\": \"string\" } } }, \"Execution\": { \"type\": \"object\", \"required\": [\"runId\", \"workflowId\"], \"properties\": { \"runId\": { \"type\": \"string\" }, \"workflowId\": { \"type\": \"string\" } } }, \"WorkflowType\": { \"type\": \"object\", \"required\": [\"name\", \"version\"], \"properties\": { \"name\": { \"type\": \"string\" }, \"version\": { \"type\": \"string\" } } } } } }",
    "Description": "Schema for event type SimpleWorkflowExecutionStateChange, published by AWS service aws.swf",
    "LastModified": "2021-02-11T18:39:41Z",
    "SchemaArn": "",
    "SchemaName": "aws.swf@SimpleWorkflowExecutionStateChange",
    "SchemaVersion": "1",
    "Tags": {},
    "Type": "OpenApi3",
    "VersionCreatedDate": "2021-02-11T18:39:41Z"
}
