{
    "Content": "{ \"openapi\" : \"3.0.0\", \"info\" : { \"version\" : \"1.0.0\", \"title\" : \"AWSHealthEvent\" }, \"paths\" : { }, \"components\" : { \"schemas\" : { \"AWSEvent\" : { \"type\" : \"object\", \"required\" : [ \"detail-type\", \"resources\", \"id\", \"source\", \"time\", \"detail\", \"region\", \"version\", \"account\" ], \"x-amazon-events-detail-type\" : \"AWS Health Event\", \"x-amazon-events-source\" : \"aws.health\", \"properties\" : { \"detail\" : { \"$ref\" : \"#/components/schemas/AWSHealthEvent\" }, \"detail-type\" : { \"type\" : \"string\" }, \"resources\" : { \"type\" : \"array\", \"items\" : { \"type\" : \"string\", \"nullable\" : true } }, \"id\" : { \"type\" : \"string\" }, \"source\" : { \"type\" : \"string\" }, \"time\" : { \"type\" : \"string\", \"format\" : \"date-time\" }, \"region\" : { \"type\" : \"string\" }, \"version\" : { \"type\" : \"string\" }, \"account\" : { \"type\" : \"string\" } } }, \"AWSHealthEvent\" : { \"type\" : \"object\", \"required\" : [ \"eventArn\", \"eventTypeCode\", \"service\", \"eventDescription\", \"startTime\", \"eventTypeCategory\" ], \"properties\" : { \"eventArn\" : { \"type\" : \"string\" }, \"eventTypeCode\" : { \"type\" : \"string\" }, \"service\" : { \"type\" : \"string\" }, \"eventDescription\" : { \"type\" : \"array\", \"items\" : { \"$ref\" : \"#/components/schemas/EventDescription\" } }, \"startTime\" : { \"type\" : \"string\" }, \"endTime\" : { \"type\" : \"string\" }, \"eventTypeCategory\" : { \"type\" : \"string\" }, \"affectedEntities\" : { \"type\" : \"array\", \"items\" : { \"$ref\" : \"#/components/schemas/AffectedEntity\" } } } }, \"EventDescription\" : { \"type\" : \"object\", \"required\" : [ \"latestDescription\", \"language\" ], \"properties\" : { \"latestDescription\" : { \"type\" : \"string\" }, \"language\" : { \"type\" : \"string\" } } }, \"AffectedEntity\" : { \"type\" : \"object\", \"nullable\" : true, \"required\" : [ \"entityValue\" ], \"properties\" : { \"tags\" : { \"$ref\" : \"#/components/schemas/Tags\" }, \"entityValue\" : { \"type\" : \"string\", \"nullable\" : true } } }, \"Tags\" : { \"type\" : \"object\", \"nullable\" : true, \"additionalProperties\" : { \"type\" : \"string\" } } } } } ",
    "Description": "Schema for event type AWSHealthEvent, published by AWS service aws.health",
    "LastModified": "2020-03-27T04:35:19Z",
    "SchemaArn": "",
    "SchemaName": "aws.health@AWSHealthEvent",
    "SchemaVersion": "1",
    "Tags": {},
    "Type": "OpenApi3",
    "VersionCreatedDate": "2020-03-27T04:35:19Z"
}
