{
    "Content": "{ \"openapi\": \"3.0.0\", \"info\": { \"version\": \"1.0.0\", \"title\": \"ScheduledEvent\" }, \"paths\": {}, \"components\": { \"schemas\": { \"AWSEvent\": { \"type\": \"object\", \"required\": [\"detail-type\", \"resources\", \"detail\", \"id\", \"source\", \"time\", \"region\", \"version\", \"account\"], \"x-amazon-events-detail-type\": \"Scheduled Event\", \"x-amazon-events-source\": \"aws.events\", \"properties\": { \"detail\": { \"$ref\": \"#/components/schemas/ScheduledEvent\" }, \"account\": { \"type\": \"string\" }, \"detail-type\": { \"type\": \"string\" }, \"id\": { \"type\": \"string\" }, \"region\": { \"type\": \"string\" }, \"resources\": { \"type\": \"array\", \"items\": { \"type\": \"string\" } }, \"source\": { \"type\": \"string\" }, \"time\": { \"type\": \"string\", \"format\": \"date-time\" }, \"version\": { \"type\": \"string\" } } }, \"ScheduledEvent\": { \"type\": \"object\" } } } } ",
    "Description": "Schema for event type ScheduledJson, published by AWS service aws.events",
    "LastModified": "2020-04-24T17:48:06Z",
    "SchemaArn": "",
    "SchemaName": "aws.events@ScheduledJson",
    "SchemaVersion": "1",
    "Tags": {},
    "Type": "OpenApi3",
    "VersionCreatedDate": "2020-04-24T17:48:06Z"
}
