{
    "Content": "{ \"openapi\" : \"3.0.0\", \"info\" : { \"version\" : \"1.0.0\", \"title\" : \"CodeCommitCommentOnCommit\" }, \"paths\" : { }, \"components\" : { \"schemas\" : { \"AWSEvent\" : { \"type\" : \"object\", \"required\" : [ \"detail-type\", \"resources\", \"id\", \"source\", \"time\", \"detail\", \"region\", \"version\", \"account\" ], \"x-amazon-events-detail-type\" : \"CodeCommit Comment on Commit\", \"x-amazon-events-source\" : \"aws.codecommit\", \"properties\" : { \"detail\" : { \"$ref\" : \"#/components/schemas/CodeCommitCommentOnCommit\" }, \"detail-type\" : { \"type\" : \"string\" }, \"resources\" : { \"type\" : \"array\", \"items\" : { \"type\" : \"string\" } }, \"id\" : { \"type\" : \"string\" }, \"source\" : { \"type\" : \"string\" }, \"time\" : { \"type\" : \"string\", \"format\" : \"date-time\" }, \"region\" : { \"type\" : \"string\" }, \"version\" : { \"type\" : \"string\" }, \"account\" : { \"type\" : \"string\" } } }, \"CodeCommitCommentOnCommit\" : { \"type\" : \"object\", \"required\" : [ \"beforeCommitId\", \"repositoryId\", \"inReplyTo\", \"notificationBody\", \"commentId\", \"afterCommitId\", \"event\", \"repositoryName\", \"callerUserArn\" ], \"properties\" : { \"beforeCommitId\" : { \"type\" : \"string\" }, \"repositoryId\" : { \"type\" : \"string\" }, \"inReplyTo\" : { \"type\" : \"string\" }, \"notificationBody\" : { \"type\" : \"string\" }, \"commentId\" : { \"type\" : \"string\" }, \"afterCommitId\" : { \"type\" : \"string\" }, \"event\" : { \"type\" : \"string\" }, \"repositoryName\" : { \"type\" : \"string\" }, \"callerUserArn\" : { \"type\" : \"string\" } } } } } }",
    "Description": "Schema for event type CodeCommitCommentOnCommit, published by AWS service aws.codecommit",
    "LastModified": "2020-03-27T04:35:20Z",
    "SchemaArn": "",
    "SchemaName": "aws.codecommit@CodeCommitCommentOnCommit",
    "SchemaVersion": "1",
    "Tags": {},
    "Type": "OpenApi3",
    "VersionCreatedDate": "2020-03-27T04:35:20Z"
}
