{
    "Content": "{ \"openapi\" : \"3.0.0\", \"info\" : { \"version\" : \"1.0.0\", \"title\" : \"AWSAPICallViaCloudTrail\" }, \"paths\" : { }, \"components\" : { \"schemas\" : { \"AWSEvent\" : { \"type\" : \"object\", \"required\" : [ \"detail-type\", \"resources\", \"id\", \"source\", \"time\", \"detail\", \"region\", \"version\", \"account\" ], \"x-amazon-events-detail-type\" : \"AWS API Call via CloudTrail\", \"x-amazon-events-source\" : \"aws.autoscaling\", \"properties\" : { \"detail\" : { \"$ref\" : \"#/components/schemas/AWSAPICallViaCloudTrail\" }, \"detail-type\" : { \"type\" : \"string\" }, \"resources\" : { \"type\" : \"array\", \"items\" : { \"type\" : \"string\" } }, \"id\" : { \"type\" : \"string\" }, \"source\" : { \"type\" : \"string\" }, \"time\" : { \"type\" : \"string\", \"format\" : \"date-time\" }, \"region\" : { \"type\" : \"string\" }, \"version\" : { \"type\" : \"string\" }, \"account\" : { \"type\" : \"string\" } } }, \"AWSAPICallViaCloudTrail\" : { \"type\" : \"object\", \"required\" : [ \"eventID\", \"awsRegion\", \"eventVersion\", \"responseElements\", \"sourceIPAddress\", \"eventSource\", \"requestParameters\", \"userAgent\", \"userIdentity\", \"eventType\", \"requestID\", \"eventTime\", \"eventName\" ], \"properties\" : { \"responseElements\" : { \"$ref\" : \"#/components/schemas/ResponseElements\" }, \"requestParameters\" : { \"$ref\" : \"#/components/schemas/RequestParameters\" }, \"userIdentity\" : { \"$ref\" : \"#/components/schemas/UserIdentity\" }, \"eventID\" : { \"type\" : \"string\" }, \"awsRegion\" : { \"type\" : \"string\" }, \"eventVersion\" : { \"type\" : \"string\" }, \"sourceIPAddress\" : { \"type\" : \"string\" }, \"eventSource\" : { \"type\" : \"string\" }, \"errorMessage\" : { \"type\" : \"string\" }, \"errorCode\" : { \"type\" : \"string\" }, \"userAgent\" : { \"type\" : \"string\" }, \"eventType\" : { \"type\" : \"string\" }, \"requestID\" : { \"type\" : \"string\" }, \"eventTime\" : { \"type\" : \"string\", \"format\" : \"date-time\" }, \"eventName\" : { \"type\" : \"string\" } } }, \"ResponseElements\" : { \"type\" : \"object\", \"nullable\" : true, \"properties\" : { \"policyARN\" : { \"type\" : \"string\", \"nullable\" : true }, \"failedScheduledActions\" : { \"type\" : \"array\", \"nullable\" : true, \"items\" : { \"type\" : \"object\" } }, \"failedScheduledUpdateGroupActions\" : { \"type\" : \"array\", \"nullable\" : true, \"items\" : { \"type\" : \"object\" } }, \"alarms\" : { \"type\" : \"array\", \"items\" : { \"type\" : \"object\" } } } }, \"RequestParameters\" : { \"type\" : \"object\", \"properties\" : { \"targetTrackingConfiguration\" : { \"$ref\" : \"#/components/schemas/TargetTrackingConfiguration\" }, \"mixedInstancesPolicy\" : { \"$ref\" : \"#/components/schemas/MixedInstancesPolicy\" }, \"launchTemplate\" : { \"$ref\" : \"#/components/schemas/LaunchTemplate\" }, \"healthCheckType\" : { \"type\" : \"string\" }, \"userData\" : { \"type\" : \"string\" }, \"spotPrice\" : { \"type\" : \"string\" }, \"breachThreshold\" : { \"type\" : \"number\", \"format\" : \"double\" }, \"adjustmentType\" : { \"type\" : \"string\" }, \"defaultCooldown\" : { \"type\" : \"number\" }, \"metricValue\" : { \"type\" : \"number\", \"format\" : \"double\" }, \"availabilityZones\" : { \"type\" : \"array\", \"items\" : { \"type\" : \"string\", \"nullable\" : true } }, \"maxSize\" : { \"type\" : \"number\" }, \"targetGroupARNs\" : { \"type\" : \"array\", \"items\" : { \"type\" : \"string\", \"nullable\" : true } }, \"honorCooldown\" : { \"type\" : \"boolean\" }, \"launchConfigurationName\" : { \"type\" : \"string\" }, \"autoScalingGroupName\" : { \"type\" : \"string\" }, \"forceDelete\" : { \"type\" : \"boolean\" }, \"scheduledUpdateGroupActions\" : { \"type\" : \"array\", \"items\" : { \"type\" : \"object\" } }, \"scheduledActionName\" : { \"type\" : \"string\" }, \"healthCheckGracePeriod\" : { \"type\" : \"number\" }, \"newInstancesProtectedFromScaleIn\" : { \"type\" : \"boolean\" }, \"instanceIds\" : { \"type\" : \"array\", \"items\" : { \"type\" : \"string\", \"nullable\" : true } }, \"minSize\" : { \"type\" : \"number\" }, \"startTime\" : { \"type\" : \"string\" }, \"topicARN\" : { \"type\" : \"string\" }, \"lifecycleHookSpecificationList\" : { \"type\" : \"array\", \"items\" : { \"type\" : \"object\" } }, \"imageId\" : { \"type\" : \"string\" }, \"loadBalancerNames\" : { \"type\" : \"array\", \"items\" : { \"type\" : \"string\", \"nullable\" : true } }, \"policyName\" : { \"type\" : \"string\" }, \"scheduledActionNames\" : { \"type\" : \"array\", \"items\" : { \"type\" : \"string\", \"nullable\" : true } }, \"instanceType\" : { \"type\" : \"string\" }, \"tags\" : { \"type\" : \"array\", \"items\" : { \"$ref\" : \"#/components/schemas/RequestParametersItem\" } }, \"serviceLinkedRoleARN\" : { \"type\" : \"string\" }, \"stepAdjustments\" : { \"type\" : \"array\", \"items\" : { \"$ref\" : \"#/components/schemas/RequestParametersItem_1\" } }, \"granularity\" : { \"type\" : \"string\" }, \"policyType\" : { \"type\" : \"string\" }, \"scalingAdjustment\" : { \"type\" : \"number\" }, \"securityGroups\" : { \"type\" : \"array\", \"items\" : { \"type\" : \"string\", \"nullable\" : true } }, \"notificationTypes\" : { \"type\" : \"array\", \"items\" : { \"type\" : \"string\", \"nullable\" : true } }, \"time\" : { \"type\" : \"string\" }, \"metrics\" : { \"type\" : \"array\", \"items\" : { \"type\" : \"string\", \"nullable\" : true } }, \"protectedFromScaleIn\" : { \"type\" : \"boolean\" }, \"desiredCapacity\" : { \"type\" : \"number\" }, \"vPCZoneIdentifier\" : { \"type\" : \"string\" } } }, \"UserIdentity\" : { \"type\" : \"object\", \"required\" : [ \"accessKeyId\", \"accountId\", \"principalId\", \"type\", \"arn\" ], \"properties\" : { \"accessKeyId\" : { \"type\" : \"string\" }, \"accountId\" : { \"type\" : \"string\" }, \"principalId\" : { \"type\" : \"string\" }, \"type\" : { \"type\" : \"string\" }, \"arn\" : { \"type\" : \"string\" } } }, \"TargetTrackingConfiguration\" : { \"type\" : \"object\", \"properties\" : { \"predefinedMetricSpecification\" : { \"$ref\" : \"#/components/schemas/PredefinedMetricSpecification\" }, \"customizedMetricSpecification\" : { \"$ref\" : \"#/components/schemas/CustomizedMetricSpecification\" }, \"targetValue\" : { \"type\" : \"number\", \"format\" : \"double\" } } }, \"MixedInstancesPolicy\" : { \"type\" : \"object\", \"properties\" : { \"launchTemplate\" : { \"$ref\" : \"#/components/schemas/LaunchTemplate_1\" }, \"instancesDistribution\" : { \"$ref\" : \"#/components/schemas/InstancesDistribution\" } } }, \"LaunchTemplate\" : { \"type\" : \"object\", \"properties\" : { \"launchTemplateName\" : { \"type\" : \"string\" } } }, \"RequestParametersItem\" : { \"type\" : \"object\", \"nullable\" : true, \"properties\" : { \"resourceId\" : { \"type\" : \"string\", \"nullable\" : true }, \"propagateAtLaunch\" : { \"type\" : \"boolean\", \"nullable\" : true }, \"value\" : { \"type\" : \"string\", \"nullable\" : true }, \"key\" : { \"type\" : \"string\", \"nullable\" : true }, \"resourceType\" : { \"type\" : \"string\", \"nullable\" : true } } }, \"RequestParametersItem_1\" : { \"type\" : \"object\", \"nullable\" : true, \"required\" : [ \"metricIntervalLowerBound\", \"scalingAdjustment\" ], \"properties\" : { \"metricIntervalLowerBound\" : { \"type\" : \"number\", \"nullable\" : true }, \"scalingAdjustment\" : { \"type\" : \"number\", \"nullable\" : true } } }, \"PredefinedMetricSpecification\" : { \"type\" : \"object\", \"properties\" : { \"predefinedMetricType\" : { \"type\" : \"string\" } } }, \"CustomizedMetricSpecification\" : { \"type\" : \"object\", \"properties\" : { \"unit\" : { \"type\" : \"string\" }, \"statistic\" : { \"type\" : \"string\" }, \"metricName\" : { \"type\" : \"string\" }, \"namespace\" : { \"type\" : \"string\" }, \"dimensions\" : { \"type\" : \"array\", \"items\" : { \"$ref\" : \"#/components/schemas/CustomizedMetricSpecificationItem\" } } } }, \"LaunchTemplate_1\" : { \"type\" : \"object\", \"properties\" : { \"launchTemplateSpecification\" : { \"$ref\" : \"#/components/schemas/LaunchTemplateSpecification\" }, \"overrides\" : { \"type\" : \"array\", \"items\" : { \"type\" : \"object\" } } } }, \"InstancesDistribution\" : { \"type\" : \"object\", \"properties\" : { \"onDemandBaseCapacity\" : { \"type\" : \"number\" }, \"spotInstancePools\" : { \"type\" : \"number\" }, \"spotAllocationStrategy\" : { \"type\" : \"string\" }, \"onDemandAllocationStrategy\" : { \"type\" : \"string\" }, \"onDemandPercentageAboveBaseCapacity\" : { \"type\" : \"number\" } } }, \"CustomizedMetricSpecificationItem\" : { \"type\" : \"object\", \"nullable\" : true, \"required\" : [ \"name\", \"value\" ], \"properties\" : { \"name\" : { \"type\" : \"string\", \"nullable\" : true }, \"value\" : { \"type\" : \"string\", \"nullable\" : true } } }, \"LaunchTemplateSpecification\" : { \"type\" : \"object\", \"properties\" : { \"version\" : { \"type\" : \"string\" }, \"launchTemplateName\" : { \"type\" : \"string\" } } } } } } ",
    "Description": "Schema for event type AWSAPICallViaCloudTrail, published by AWS service aws.autoscaling",
    "LastModified": "2020-03-27T04:35:20Z",
    "SchemaArn": "",
    "SchemaName": "aws.autoscaling@AWSAPICallViaCloudTrail",
    "SchemaVersion": "1",
    "Tags": {},
    "Type": "OpenApi3",
    "VersionCreatedDate": "2020-03-27T04:35:20Z"
}
