{
    "Content": "{ \"openapi\" : \"3.0.0\", \"info\" : { \"version\" : \"1.0.0\", \"title\" : \"AWSAPICallViaCloudTrail\" }, \"paths\" : { }, \"components\" : { \"schemas\" : { \"AWSEvent\" : { \"type\" : \"object\", \"required\" : [ \"detail-type\", \"resources\", \"id\", \"source\", \"time\", \"detail\", \"region\", \"version\", \"account\" ], \"x-amazon-events-detail-type\" : \"AWS API Call via CloudTrail\", \"x-amazon-events-source\" : \"aws.sagemaker\", \"properties\" : { \"detail\" : { \"$ref\" : \"#/components/schemas/AWSAPICallViaCloudTrail\" }, \"detail-type\" : { \"type\" : \"string\" }, \"resources\" : { \"type\" : \"array\", \"items\" : { \"type\" : \"string\" } }, \"id\" : { \"type\" : \"string\" }, \"source\" : { \"type\" : \"string\" }, \"time\" : { \"type\" : \"string\", \"format\" : \"date-time\" }, \"region\" : { \"type\" : \"string\" }, \"version\" : { \"type\" : \"string\" }, \"account\" : { \"type\" : \"string\" } } }, \"AWSAPICallViaCloudTrail\" : { \"type\" : \"object\", \"required\" : [ \"eventID\", \"awsRegion\", \"eventVersion\", \"responseElements\", \"sourceIPAddress\", \"eventSource\", \"requestParameters\", \"userAgent\", \"userIdentity\", \"eventType\", \"requestID\", \"eventTime\", \"eventName\" ], \"properties\" : { \"responseElements\" : { \"$ref\" : \"#/components/schemas/ResponseElements\" }, \"requestParameters\" : { \"$ref\" : \"#/components/schemas/RequestParameters\" }, \"userIdentity\" : { \"$ref\" : \"#/components/schemas/UserIdentity\" }, \"eventID\" : { \"type\" : \"string\" }, \"awsRegion\" : { \"type\" : \"string\" }, \"eventVersion\" : { \"type\" : \"string\" }, \"sourceIPAddress\" : { \"type\" : \"string\" }, \"eventSource\" : { \"type\" : \"string\" }, \"errorMessage\" : { \"type\" : \"string\" }, \"errorCode\" : { \"type\" : \"string\" }, \"userAgent\" : { \"type\" : \"string\" }, \"eventType\" : { \"type\" : \"string\" }, \"requestID\" : { \"type\" : \"string\" }, \"eventTime\" : { \"type\" : \"string\", \"format\" : \"date-time\" }, \"eventName\" : { \"type\" : \"string\" } } }, \"ResponseElements\" : { \"type\" : \"object\", \"nullable\" : true, \"properties\" : { \"endpointConfigArn\" : { \"type\" : \"string\" }, \"trainingJobArn\" : { \"type\" : \"string\", \"nullable\" : true }, \"modelArn\" : { \"type\" : \"string\", \"nullable\" : true }, \"transformJobArn\" : { \"type\" : \"string\", \"nullable\" : true } } }, \"RequestParameters\" : { \"type\" : \"object\", \"properties\" : { \"primaryContainer\" : { \"$ref\" : \"#/components/schemas/PrimaryContainer\" }, \"stoppingCondition\" : { \"$ref\" : \"#/components/schemas/StoppingCondition\" }, \"outputDataConfig\" : { \"$ref\" : \"#/components/schemas/OutputDataConfig\" }, \"transformInput\" : { \"$ref\" : \"#/components/schemas/TransformInput\" }, \"algorithmSpecification\" : { \"$ref\" : \"#/components/schemas/AlgorithmSpecification\" }, \"resourceConfig\" : { \"$ref\" : \"#/components/schemas/ResourceConfig\" }, \"transformOutput\" : { \"$ref\" : \"#/components/schemas/TransformOutput\" }, \"hyperParameters\" : { \"$ref\" : \"#/components/schemas/HyperParameters\" }, \"transformResources\" : { \"$ref\" : \"#/components/schemas/TransformResources\" }, \"endpointConfigName\" : { \"type\" : \"string\" }, \"productionVariants\" : { \"type\" : \"array\", \"items\" : { \"$ref\" : \"#/components/schemas/RequestParametersItem\" } }, \"endpointName\" : { \"type\" : \"string\" }, \"enableNetworkIsolation\" : { \"type\" : \"boolean\" }, \"tags\" : { \"type\" : \"array\", \"items\" : { \"type\" : \"object\" } }, \"modelName\" : { \"type\" : \"string\" }, \"executionRoleArn\" : { \"type\" : \"string\" }, \"trainingJobName\" : { \"type\" : \"string\" }, \"roleArn\" : { \"type\" : \"string\" }, \"enableManagedSpotTraining\" : { \"type\" : \"boolean\" }, \"inputDataConfig\" : { \"type\" : \"array\", \"items\" : { \"$ref\" : \"#/components/schemas/RequestParametersItem_2\" } }, \"enableInterContainerTrafficEncryption\" : { \"type\" : \"boolean\" }, \"transformJobName\" : { \"type\" : \"string\" } } }, \"UserIdentity\" : { \"type\" : \"object\", \"required\" : [ \"accessKeyId\", \"sessionContext\", \"accountId\", \"principalId\", \"type\", \"arn\", \"invokedBy\" ], \"properties\" : { \"sessionContext\" : { \"$ref\" : \"#/components/schemas/SessionContext\" }, \"accessKeyId\" : { \"type\" : \"string\" }, \"accountId\" : { \"type\" : \"string\" }, \"principalId\" : { \"type\" : \"string\" }, \"type\" : { \"type\" : \"string\" }, \"arn\" : { \"type\" : \"string\" }, \"invokedBy\" : { \"type\" : \"string\" } } }, \"PrimaryContainer\" : { \"type\" : \"object\", \"properties\" : { \"image\" : { \"type\" : \"string\" }, \"modelDataUrl\" : { \"type\" : \"string\" }, \"containerHostname\" : { \"type\" : \"string\" } } }, \"StoppingCondition\" : { \"type\" : \"object\", \"properties\" : { \"maxRuntimeInSeconds\" : { \"type\" : \"number\" } } }, \"OutputDataConfig\" : { \"type\" : \"object\", \"properties\" : { \"removeJobNameFromS3OutputPath\" : { \"type\" : \"boolean\" }, \"s3OutputPath\" : { \"type\" : \"string\" } } }, \"TransformInput\" : { \"type\" : \"object\", \"properties\" : { \"dataSource\" : { \"$ref\" : \"#/components/schemas/DataSource\" }, \"compressionType\" : { \"type\" : \"string\" }, \"contentType\" : { \"type\" : \"string\" } } }, \"AlgorithmSpecification\" : { \"type\" : \"object\", \"properties\" : { \"trainingInputMode\" : { \"type\" : \"string\" }, \"trainingImage\" : { \"type\" : \"string\" } } }, \"ResourceConfig\" : { \"type\" : \"object\", \"properties\" : { \"volumeSizeInGB\" : { \"type\" : \"number\" }, \"instanceCount\" : { \"type\" : \"number\" }, \"instanceType\" : { \"type\" : \"string\" } } }, \"TransformOutput\" : { \"type\" : \"object\", \"properties\" : { \"s3OutputPath\" : { \"type\" : \"string\" } } }, \"HyperParameters\" : { \"type\" : \"object\", \"properties\" : { \"eval_metric\" : { \"type\" : \"string\" }, \"num_round\" : { \"type\" : \"string\" }, \"objective\" : { \"type\" : \"string\" } } }, \"TransformResources\" : { \"type\" : \"object\", \"properties\" : { \"instanceCount\" : { \"type\" : \"number\" }, \"instanceType\" : { \"type\" : \"string\" } } }, \"RequestParametersItem\" : { \"type\" : \"object\", \"nullable\" : true, \"required\" : [ \"modelName\", \"instanceType\", \"initialVariantWeight\", \"variantName\", \"initialInstanceCount\" ], \"properties\" : { \"modelName\" : { \"type\" : \"string\", \"nullable\" : true }, \"instanceType\" : { \"type\" : \"string\", \"nullable\" : true }, \"initialVariantWeight\" : { \"type\" : \"number\", \"format\" : \"double\", \"nullable\" : true }, \"variantName\" : { \"type\" : \"string\", \"nullable\" : true }, \"initialInstanceCount\" : { \"type\" : \"number\", \"nullable\" : true } } }, \"RequestParametersItem_2\" : { \"type\" : \"object\", \"nullable\" : true, \"required\" : [ \"channelName\", \"dataSource\", \"contentType\" ], \"properties\" : { \"dataSource\" : { \"$ref\" : \"#/components/schemas/DataSource_1\" }, \"channelName\" : { \"type\" : \"string\", \"nullable\" : true }, \"contentType\" : { \"type\" : \"string\", \"nullable\" : true } } }, \"SessionContext\" : { \"type\" : \"object\", \"required\" : [ \"webIdFederationData\", \"sessionIssuer\", \"attributes\" ], \"properties\" : { \"webIdFederationData\" : { \"type\" : \"object\" }, \"sessionIssuer\" : { \"$ref\" : \"#/components/schemas/SessionIssuer\" }, \"attributes\" : { \"$ref\" : \"#/components/schemas/Attributes\" } } }, \"DataSource\" : { \"type\" : \"object\", \"properties\" : { \"s3DataSource\" : { \"$ref\" : \"#/components/schemas/S3DataSource\" } } }, \"DataSource_1\" : { \"type\" : \"object\", \"nullable\" : true, \"required\" : [ \"s3DataSource\" ], \"properties\" : { \"s3DataSource\" : { \"$ref\" : \"#/components/schemas/S3DataSource_1\" } } }, \"SessionIssuer\" : { \"type\" : \"object\", \"required\" : [ \"accountId\", \"principalId\", \"type\", \"arn\", \"userName\" ], \"properties\" : { \"accountId\" : { \"type\" : \"string\" }, \"principalId\" : { \"type\" : \"string\" }, \"type\" : { \"type\" : \"string\" }, \"arn\" : { \"type\" : \"string\" }, \"userName\" : { \"type\" : \"string\" } } }, \"Attributes\" : { \"type\" : \"object\", \"required\" : [ \"mfaAuthenticated\", \"creationDate\" ], \"properties\" : { \"mfaAuthenticated\" : { \"type\" : \"string\" }, \"creationDate\" : { \"type\" : \"string\", \"format\" : \"date-time\" } } }, \"S3DataSource\" : { \"type\" : \"object\", \"properties\" : { \"s3Uri\" : { \"type\" : \"string\" }, \"s3DataType\" : { \"type\" : \"string\" } } }, \"S3DataSource_1\" : { \"type\" : \"object\", \"nullable\" : true, \"required\" : [ \"s3Uri\", \"s3DataType\", \"s3DataDistributionType\" ], \"properties\" : { \"s3Uri\" : { \"type\" : \"string\", \"nullable\" : true }, \"s3DataType\" : { \"type\" : \"string\", \"nullable\" : true }, \"s3DataDistributionType\" : { \"type\" : \"string\", \"nullable\" : true } } } } } } ",
    "Description": "Schema for event type AWSAPICallViaCloudTrail, published by AWS service aws.sagemaker",
    "LastModified": "2020-03-27T04:35:20Z",
    "SchemaArn": "",
    "SchemaName": "aws.sagemaker@AWSAPICallViaCloudTrail",
    "SchemaVersion": "1",
    "Tags": {},
    "Type": "OpenApi3",
    "VersionCreatedDate": "2020-03-27T04:35:20Z"
}
