{
    "Content": "{ \"openapi\" : \"3.0.0\", \"info\" : { \"version\" : \"1.0.0\", \"title\" : \"CodeCommitPullRequestStateChange\" }, \"paths\" : { }, \"components\" : { \"schemas\" : { \"AWSEvent\" : { \"type\" : \"object\", \"required\" : [ \"detail-type\", \"resources\", \"detail\", \"id\", \"source\", \"time\", \"region\", \"version\", \"account\" ], \"x-amazon-events-detail-type\" : \"CodeCommit Pull Request State Change\", \"x-amazon-events-source\" : \"aws.codecommit\", \"properties\" : { \"detail\" : { \"$ref\" : \"#/components/schemas/CodeCommitPullRequestStateChange\" }, \"account\" : { \"type\" : \"string\" }, \"detail-type\" : { \"type\" : \"string\" }, \"id\" : { \"type\" : \"string\" }, \"region\" : { \"type\" : \"string\" }, \"resources\" : { \"type\" : \"array\", \"items\" : { \"type\" : \"string\" } }, \"source\" : { \"type\" : \"string\" }, \"time\" : { \"type\" : \"string\", \"format\" : \"date-time\" }, \"version\" : { \"type\" : \"string\" } } }, \"CodeCommitPullRequestStateChange\" : { \"type\" : \"object\", \"required\" : [ \"sourceReference\", \"lastModifiedDate\", \"author\", \"isMerged\", \"pullRequestStatus\", \"notificationBody\", \"description\", \"destinationReference\", \"callerUserArn\", \"creationDate\", \"pullRequestId\", \"title\", \"revisionId\", \"repositoryNames\", \"destinationCommit\", \"event\", \"sourceCommit\" ], \"properties\" : { \"approvalStatus\" : { \"type\" : \"string\" }, \"author\" : { \"type\" : \"string\" }, \"callerUserArn\" : { \"type\" : \"string\" }, \"creationDate\" : { \"type\" : \"string\" }, \"description\" : { \"type\" : \"string\" }, \"destinationCommit\" : { \"type\" : \"string\" }, \"destinationReference\" : { \"type\" : \"string\" }, \"event\" : { \"type\" : \"string\" }, \"isMerged\" : { \"type\" : \"string\" }, \"lastModifiedDate\" : { \"type\" : \"string\" }, \"mergeOption\" : { \"type\" : \"string\" }, \"notificationBody\" : { \"type\" : \"string\" }, \"overrideStatus\" : { \"type\" : \"string\" }, \"pullRequestId\" : { \"type\" : \"string\" }, \"pullRequestStatus\" : { \"type\" : \"string\" }, \"repositoryNames\" : { \"type\" : \"array\", \"items\" : { \"type\" : \"string\" } }, \"revisionId\" : { \"type\" : \"string\" }, \"sourceCommit\" : { \"type\" : \"string\" }, \"sourceReference\" : { \"type\" : \"string\" }, \"title\" : { \"type\" : \"string\" } } } } } }",
    "Description": "Schema for event type CodeCommitPullRequestStateChange, published by AWS service aws.codecommit",
    "LastModified": "2020-03-27T04:35:12Z",
    "SchemaArn": "",
    "SchemaName": "aws.codecommit@CodeCommitPullRequestStateChange",
    "SchemaVersion": "1",
    "Tags": {},
    "Type": "OpenApi3",
    "VersionCreatedDate": "2020-03-27T04:35:12Z"
}
