{
    "Content": "{ \"openapi\" : \"3.0.0\", \"info\" : { \"version\" : \"1.0.0\", \"title\" : \"QLDBLedgerStateChange\" }, \"paths\" : { }, \"components\" : { \"schemas\" : { \"AWSEvent\" : { \"type\" : \"object\", \"required\" : [ \"detail-type\", \"resources\", \"id\", \"source\", \"time\", \"detail\", \"region\", \"version\", \"account\" ], \"x-amazon-events-detail-type\" : \"QLDB Ledger State Change\", \"x-amazon-events-source\" : \"aws.qldb\", \"properties\" : { \"detail\" : { \"$ref\" : \"#/components/schemas/QLDBLedgerStateChange\" }, \"detail-type\" : { \"type\" : \"string\" }, \"resources\" : { \"type\" : \"array\", \"items\" : { \"type\" : \"string\" } }, \"id\" : { \"type\" : \"string\" }, \"source\" : { \"type\" : \"string\" }, \"time\" : { \"type\" : \"string\", \"format\" : \"date-time\" }, \"region\" : { \"type\" : \"string\" }, \"version\" : { \"type\" : \"string\" }, \"account\" : { \"type\" : \"string\" } } }, \"QLDBLedgerStateChange\" : { \"type\" : \"object\", \"required\" : [ \"ledgerName\", \"state\" ], \"properties\" : { \"ledgerName\" : { \"type\" : \"string\" }, \"state\" : { \"type\" : \"string\" } } } } } }",
    "Description": "Schema for event type QLDBLedgerStateChange, published by AWS service aws.qldb",
    "LastModified": "2020-03-27T04:35:19Z",
    "SchemaArn": "",
    "SchemaName": "aws.qldb@QLDBLedgerStateChange",
    "SchemaVersion": "1",
    "Tags": {},
    "Type": "OpenApi3",
    "VersionCreatedDate": "2020-03-27T04:35:19Z"
}
