{
    "Content": "{ \"openapi\": \"3.0.0\", \"info\": { \"version\": \"1.0.0\", \"title\": \"SageMakerModelBuildingPipelineExecutionStepStatusChange\" }, \"paths\": {}, \"components\": { \"schemas\": { \"AWSEvent\": { \"type\": \"object\", \"required\": [\"detail-type\", \"resources\", \"detail\", \"id\", \"source\", \"time\", \"region\", \"version\", \"account\"], \"x-amazon-events-detail-type\": \"SageMaker Model Building Pipeline Execution Step Status Change\", \"x-amazon-events-source\": \"aws.sagemaker\", \"properties\": { \"detail\": { \"$ref\": \"#/components/schemas/SageMakerModelBuildingPipelineExecutionStepStatusChange\" }, \"account\": { \"type\": \"string\" }, \"detail-type\": { \"type\": \"string\" }, \"id\": { \"type\": \"string\" }, \"region\": { \"type\": \"string\" }, \"resources\": { \"type\": \"array\", \"items\": { \"type\": \"string\" } }, \"source\": { \"type\": \"string\" }, \"time\": { \"type\": \"string\", \"format\": \"date-time\" }, \"version\": { \"type\": \"string\" } } }, \"SageMakerModelBuildingPipelineExecutionStepStatusChange\": { \"type\": \"object\", \"required\": [\"cacheHitResult\", \"metadata\", \"stepType\", \"pipelineArn\", \"previousStepStatus\", \"stepName\", \"currentStepStatus\", \"failureReason\", \"pipelineExecutionArn\", \"stepStartTime\", \"stepEndTime\"], \"properties\": { \"cacheHitResult\": { \"$ref\": \"#/components/schemas/CacheHitResult\" }, \"metadata\": { \"$ref\": \"#/components/schemas/Metadata\" }, \"currentStepStatus\": { \"type\": \"string\" }, \"failureReason\": { \"type\": \"string\" }, \"pipelineArn\": { \"type\": \"string\" }, \"pipelineExecutionArn\": { \"type\": \"string\" }, \"previousStepStatus\": { \"type\": \"string\" }, \"stepEndTime\": { \"type\": \"string\", \"format\": \"date-time\" }, \"stepName\": { \"type\": \"string\" }, \"stepStartTime\": { \"type\": \"string\", \"format\": \"date-time\" }, \"stepType\": { \"type\": \"string\" } } }, \"CacheHitResult\": { \"type\": \"object\", \"required\": [\"sourcePipelineExecutionArn\"], \"properties\": { \"sourcePipelineExecutionArn\": { \"type\": \"string\" } } }, \"Metadata\": { \"type\": \"object\", \"required\": [\"processingJob\"], \"properties\": { \"processingJob\": { \"$ref\": \"#/components/schemas/ProcessingJob\" } } }, \"ProcessingJob\": { \"type\": \"object\", \"required\": [\"arn\"], \"properties\": { \"arn\": { \"type\": \"string\" } } } } } }",
    "Description": "Schema for event type SageMakerModelBuildingPipelineExecutionStepStatusChange, published by AWS service aws.sagemaker",
    "LastModified": "2021-06-09T18:06:17Z",
    "SchemaArn": "",
    "SchemaName": "aws.sagemaker@SageMakerModelBuildingPipelineExecutionStepStatusChange",
    "SchemaVersion": "1",
    "Tags": {},
    "Type": "OpenApi3",
    "VersionCreatedDate": "2021-06-09T18:06:17Z"
}
