{
    "Content": "{ \"openapi\" : \"3.0.0\", \"info\" : { \"version\" : \"1.0.0\", \"title\" : \"ECSTaskStateChange\" }, \"paths\" : { }, \"components\" : { \"schemas\" : { \"AWSEvent\" : { \"type\" : \"object\", \"required\" : [ \"detail-type\", \"resources\", \"id\", \"source\", \"time\", \"detail\", \"region\", \"version\", \"account\" ], \"x-amazon-events-detail-type\" : \"ECS Task State Change\", \"x-amazon-events-source\" : \"aws.ecs\", \"properties\" : { \"detail\" : { \"$ref\" : \"#/components/schemas/ECSTaskStateChange\" }, \"detail-type\" : { \"type\" : \"string\" }, \"resources\" : { \"type\" : \"array\", \"items\" : { \"type\" : \"string\" } }, \"id\" : { \"type\" : \"string\" }, \"source\" : { \"type\" : \"string\" }, \"time\" : { \"type\" : \"string\", \"format\" : \"date-time\" }, \"region\" : { \"type\" : \"string\" }, \"version\" : { \"type\" : \"string\" }, \"account\" : { \"type\" : \"string\" } } }, \"ECSTaskStateChange\" : { \"type\" : \"object\", \"required\" : [ \"taskArn\", \"overrides\", \"version\", \"createdAt\", \"clusterArn\", \"taskDefinitionArn\", \"containers\", \"desiredStatus\", \"lastStatus\", \"updatedAt\" ], \"properties\" : { \"overrides\" : { \"$ref\" : \"#/components/schemas/Overrides\" }, \"executionStoppedAt\" : { \"type\" : \"string\", \"format\" : \"date-time\" }, \"memory\" : { \"type\" : \"string\" }, \"attachments\" : { \"type\" : \"array\", \"items\" : { \"$ref\" : \"#/components/schemas/AttachmentDetails\" } }, \"attributes\" : { \"type\" : \"array\", \"items\" : { \"$ref\" : \"#/components/schemas/AttributesDetails\" } }, \"pullStartedAt\" : { \"type\" : \"string\", \"format\" : \"date-time\" }, \"taskArn\" : { \"type\" : \"string\" }, \"startedAt\" : { \"type\" : \"string\", \"format\" : \"date-time\" }, \"createdAt\" : { \"type\" : \"string\", \"format\" : \"date-time\" }, \"clusterArn\" : { \"type\" : \"string\" }, \"connectivity\" : { \"type\" : \"string\" }, \"platformVersion\" : { \"type\" : \"string\" }, \"containerInstanceArn\" : { \"type\" : \"string\" }, \"launchType\" : { \"type\" : \"string\" }, \"group\" : { \"type\" : \"string\" }, \"updatedAt\" : { \"type\" : \"string\", \"format\" : \"date-time\" }, \"stopCode\" : { \"type\" : \"string\" }, \"pullStoppedAt\" : { \"type\" : \"string\", \"format\" : \"date-time\" }, \"connectivityAt\" : { \"type\" : \"string\", \"format\" : \"date-time\" }, \"startedBy\" : { \"type\" : \"string\" }, \"cpu\" : { \"type\" : \"string\" }, \"version\" : { \"type\" : \"number\" }, \"stoppingAt\" : { \"type\" : \"string\", \"format\" : \"date-time\" }, \"stoppedAt\" : { \"type\" : \"string\", \"format\" : \"date-time\" }, \"taskDefinitionArn\" : { \"type\" : \"string\" }, \"stoppedReason\" : { \"type\" : \"string\" }, \"containers\" : { \"type\" : \"array\", \"items\" : { \"$ref\" : \"#/components/schemas/ContainerDetails\" } }, \"desiredStatus\" : { \"type\" : \"string\" }, \"lastStatus\" : { \"type\" : \"string\" }, \"availabilityZone\" : { \"type\" : \"string\" } } }, \"Overrides\" : { \"type\" : \"object\", \"required\" : [ \"containerOverrides\" ], \"properties\" : { \"containerOverrides\" : { \"type\" : \"array\", \"items\" : { \"$ref\" : \"#/components/schemas/OverridesItem\" } } } }, \"ContainerDetails\" : { \"type\" : \"object\", \"required\" : [ \"taskArn\", \"name\", \"containerArn\", \"lastStatus\" ], \"properties\" : { \"image\" : { \"type\" : \"string\" }, \"imageDigest\" : { \"type\" : \"string\" }, \"networkInterfaces\" : { \"type\" : \"array\", \"items\" : { \"$ref\" : \"#/components/schemas/NetworkInterfaceDetails\" } }, \"networkBindings\" : { \"type\" : \"array\", \"items\" : { \"$ref\" : \"#/components/schemas/NetworkBindingDetails\" } }, \"memory\" : { \"type\" : \"string\" }, \"memoryReservation\" : { \"type\" : \"string\" }, \"taskArn\" : { \"type\" : \"string\" }, \"name\" : { \"type\" : \"string\" }, \"exitCode\" : { \"type\" : \"number\" }, \"cpu\" : { \"type\" : \"string\" }, \"containerArn\" : { \"type\" : \"string\" }, \"lastStatus\" : { \"type\" : \"string\" }, \"runtimeId\" : { \"type\" : \"string\" }, \"reason\" : { \"type\" : \"string\" }, \"gpuIds\" : { \"type\" : \"array\", \"items\" : { \"type\" : \"string\" } } } }, \"OverridesItem\" : { \"type\" : \"object\", \"required\" : [ \"name\" ], \"properties\" : { \"environment\" : { \"type\" : \"array\", \"items\" : { \"$ref\" : \"#/components/schemas/Environment\" } }, \"memory\" : { \"type\" : \"number\" }, \"name\" : { \"type\" : \"string\" }, \"cpu\" : { \"type\" : \"number\" }, \"command\" : { \"type\" : \"array\", \"items\" : { \"type\" : \"string\", \"nullable\" : true } } } }, \"AttachmentDetails\" : { \"type\" : \"object\", \"properties\" : { \"id\" : { \"type\" : \"string\" }, \"type\" : { \"type\" : \"string\" }, \"status\" : { \"type\" : \"string\" }, \"details\" : { \"type\" : \"object\", \"properties\" : { \"name\" : { \"type\" : \"string\" }, \"value\" : { \"type\" : \"string\" } } } } }, \"AttributesDetails\" : { \"type\" : \"object\", \"properties\" : { \"name\" : { \"type\" : \"string\" }, \"value\" : { \"type\" : \"string\" } } }, \"NetworkInterfaceDetails\" : { \"type\" : \"object\", \"nullable\" : true, \"properties\" : { \"privateIpv4Address\" : { \"type\" : \"string\", \"nullable\" : true }, \"ipv6Address\" : { \"type\" : \"string\", \"nullable\" : true }, \"attachmentId\" : { \"type\" : \"string\", \"nullable\" : true } } }, \"NetworkBindingDetails\" : { \"type\" : \"object\", \"nullable\" : true, \"properties\" : { \"bindIP\" : { \"type\" : \"string\", \"nullable\" : true }, \"protocol\" : { \"type\" : \"string\", \"nullable\" : true }, \"containerPort\" : { \"type\" : \"number\" }, \"hostPort\" : { \"type\" : \"number\" } } }, \"Environment\" : { \"type\" : \"object\", \"additionalProperties\" : { \"type\" : \"string\" } } } } } ",
    "Description": "Schema for event type ECSTaskStateChange, published by AWS service aws.ecs",
    "LastModified": "2020-03-27T04:35:20Z",
    "SchemaArn": "",
    "SchemaName": "aws.ecs@ECSTaskStateChange",
    "SchemaVersion": "1",
    "Tags": {},
    "Type": "OpenApi3",
    "VersionCreatedDate": "2020-03-27T04:35:20Z"
}
