{
    "Content": "{ \"openapi\" : \"3.0.0\", \"info\" : { \"version\" : \"1.0.0\", \"title\" : \"AWSAPICallViaCloudTrail\" }, \"paths\" : { }, \"components\" : { \"schemas\" : { \"AWSEvent\" : { \"type\" : \"object\", \"required\" : [ \"detail-type\", \"resources\", \"id\", \"source\", \"time\", \"detail\", \"region\", \"version\", \"account\" ], \"x-amazon-events-detail-type\" : \"AWS API Call via CloudTrail\", \"x-amazon-events-source\" : \"aws.states\", \"properties\" : { \"detail\" : { \"$ref\" : \"#/components/schemas/AWSAPICallViaCloudTrail\" }, \"detail-type\" : { \"type\" : \"string\" }, \"resources\" : { \"type\" : \"array\", \"items\" : { \"type\" : \"string\" } }, \"id\" : { \"type\" : \"string\" }, \"source\" : { \"type\" : \"string\" }, \"time\" : { \"type\" : \"string\", \"format\" : \"date-time\" }, \"region\" : { \"type\" : \"string\" }, \"version\" : { \"type\" : \"string\" }, \"account\" : { \"type\" : \"string\" } } }, \"AWSAPICallViaCloudTrail\" : { \"type\" : \"object\", \"required\" : [ \"eventID\", \"awsRegion\", \"eventVersion\", \"responseElements\", \"sourceIPAddress\", \"eventSource\", \"requestParameters\", \"userAgent\", \"userIdentity\", \"eventType\", \"requestID\", \"eventTime\", \"eventName\" ], \"properties\" : { \"responseElements\" : { \"$ref\" : \"#/components/schemas/ResponseElements\" }, \"requestParameters\" : { \"$ref\" : \"#/components/schemas/RequestParameters\" }, \"userIdentity\" : { \"$ref\" : \"#/components/schemas/UserIdentity\" }, \"eventID\" : { \"type\" : \"string\" }, \"awsRegion\" : { \"type\" : \"string\" }, \"eventVersion\" : { \"type\" : \"string\" }, \"sourceIPAddress\" : { \"type\" : \"string\" }, \"eventSource\" : { \"type\" : \"string\" }, \"errorMessage\" : { \"type\" : \"string\" }, \"errorCode\" : { \"type\" : \"string\" }, \"userAgent\" : { \"type\" : \"string\" }, \"eventType\" : { \"type\" : \"string\" }, \"requestID\" : { \"type\" : \"string\" }, \"eventTime\" : { \"type\" : \"string\", \"format\" : \"date-time\" }, \"eventName\" : { \"type\" : \"string\" } } }, \"ResponseElements\" : { \"type\" : \"object\", \"nullable\" : true, \"properties\" : { \"updateDate\" : { \"type\" : \"string\", \"nullable\" : true }, \"executionArn\" : { \"type\" : \"string\", \"nullable\" : true }, \"creationDate\" : { \"type\" : \"string\", \"nullable\" : true }, \"stateMachineArn\" : { \"type\" : \"string\", \"nullable\" : true }, \"activityArn\" : { \"type\" : \"string\", \"nullable\" : true }, \"startDate\" : { \"type\" : \"string\", \"nullable\" : true }, \"stopDate\" : { \"type\" : \"string\", \"nullable\" : true } } }, \"RequestParameters\" : { \"type\" : \"object\", \"properties\" : { \"input\" : { \"type\" : \"string\" }, \"executionArn\" : { \"type\" : \"string\" }, \"roleArn\" : { \"type\" : \"string\" }, \"name\" : { \"type\" : \"string\" }, \"definition\" : { \"type\" : \"string\" }, \"stateMachineArn\" : { \"type\" : \"string\" }, \"activityArn\" : { \"type\" : \"string\" }, \"tags\" : { \"type\" : \"array\", \"items\" : { \"type\" : \"object\" } } } }, \"UserIdentity\" : { \"type\" : \"object\", \"required\" : [ \"accessKeyId\", \"accountId\", \"principalId\", \"type\", \"arn\" ], \"properties\" : { \"sessionContext\" : { \"$ref\" : \"#/components/schemas/SessionContext\" }, \"accessKeyId\" : { \"type\" : \"string\" }, \"accountId\" : { \"type\" : \"string\" }, \"principalId\" : { \"type\" : \"string\" }, \"type\" : { \"type\" : \"string\" }, \"arn\" : { \"type\" : \"string\" }, \"invokedBy\" : { \"type\" : \"string\" }, \"userName\" : { \"type\" : \"string\" } } }, \"SessionContext\" : { \"type\" : \"object\", \"properties\" : { \"webIdFederationData\" : { \"type\" : \"object\" }, \"sessionIssuer\" : { \"$ref\" : \"#/components/schemas/SessionIssuer\" }, \"attributes\" : { \"$ref\" : \"#/components/schemas/Attributes\" } } }, \"SessionIssuer\" : { \"type\" : \"object\", \"properties\" : { \"accountId\" : { \"type\" : \"string\" }, \"principalId\" : { \"type\" : \"string\" }, \"type\" : { \"type\" : \"string\" }, \"arn\" : { \"type\" : \"string\" }, \"userName\" : { \"type\" : \"string\" } } }, \"Attributes\" : { \"type\" : \"object\", \"properties\" : { \"mfaAuthenticated\" : { \"type\" : \"string\" }, \"creationDate\" : { \"type\" : \"string\", \"format\" : \"date-time\" } } } } } } ",
    "Description": "Schema for event type AWSAPICallViaCloudTrail, published by AWS service aws.states",
    "LastModified": "2020-03-27T04:35:18Z",
    "SchemaArn": "",
    "SchemaName": "aws.states@AWSAPICallViaCloudTrail",
    "SchemaVersion": "1",
    "Tags": {},
    "Type": "OpenApi3",
    "VersionCreatedDate": "2020-03-27T04:35:18Z"
}
