{
    "Content": "{ \"openapi\" : \"3.0.0\", \"info\" : { \"version\" : \"1.0.0\", \"title\" : \"AWSAPICallViaCloudTrail\" }, \"paths\" : { }, \"components\" : { \"schemas\" : { \"AWSEvent\" : { \"type\" : \"object\", \"required\" : [ \"detail-type\", \"resources\", \"id\", \"source\", \"time\", \"detail\", \"region\", \"version\", \"account\" ], \"x-amazon-events-detail-type\" : \"AWS API Call via CloudTrail\", \"x-amazon-events-source\" : \"aws.monitoring\", \"properties\" : { \"detail\" : { \"$ref\" : \"#/components/schemas/AWSAPICallViaCloudTrail\" }, \"detail-type\" : { \"type\" : \"string\" }, \"resources\" : { \"type\" : \"array\", \"items\" : { \"type\" : \"string\" } }, \"id\" : { \"type\" : \"string\" }, \"source\" : { \"type\" : \"string\" }, \"time\" : { \"type\" : \"string\", \"format\" : \"date-time\" }, \"region\" : { \"type\" : \"string\" }, \"version\" : { \"type\" : \"string\" }, \"account\" : { \"type\" : \"string\" } } }, \"AWSAPICallViaCloudTrail\" : { \"type\" : \"object\", \"required\" : [ \"eventID\", \"awsRegion\", \"eventVersion\", \"responseElements\", \"sourceIPAddress\", \"eventSource\", \"requestParameters\", \"userAgent\", \"userIdentity\", \"eventType\", \"requestID\", \"eventTime\", \"eventName\" ], \"properties\" : { \"requestParameters\" : { \"$ref\" : \"#/components/schemas/RequestParameters\" }, \"userIdentity\" : { \"$ref\" : \"#/components/schemas/UserIdentity\" }, \"eventID\" : { \"type\" : \"string\" }, \"awsRegion\" : { \"type\" : \"string\" }, \"eventVersion\" : { \"type\" : \"string\" }, \"responseElements\" : { \"type\" : \"object\", \"nullable\" : true }, \"sourceIPAddress\" : { \"type\" : \"string\" }, \"eventSource\" : { \"type\" : \"string\" }, \"userAgent\" : { \"type\" : \"string\" }, \"eventType\" : { \"type\" : \"string\" }, \"requestID\" : { \"type\" : \"string\" }, \"eventTime\" : { \"type\" : \"string\", \"format\" : \"date-time\" }, \"eventName\" : { \"type\" : \"string\" } } }, \"RequestParameters\" : { \"type\" : \"object\", \"properties\" : { \"period\" : { \"type\" : \"number\" }, \"statistic\" : { \"type\" : \"string\" }, \"metricName\" : { \"type\" : \"string\" }, \"comparisonOperator\" : { \"type\" : \"string\" }, \"threshold\" : { \"type\" : \"number\", \"format\" : \"double\" }, \"alarmName\" : { \"type\" : \"string\" }, \"evaluationPeriods\" : { \"type\" : \"number\" }, \"alarmDescription\" : { \"type\" : \"string\" }, \"unit\" : { \"type\" : \"string\" }, \"alarmNames\" : { \"type\" : \"array\", \"items\" : { \"type\" : \"string\", \"nullable\" : true } }, \"actionsEnabled\" : { \"type\" : \"boolean\" }, \"namespace\" : { \"type\" : \"string\" }, \"alarmActions\" : { \"type\" : \"array\", \"items\" : { \"type\" : \"string\", \"nullable\" : true } }, \"dimensions\" : { \"type\" : \"array\", \"items\" : { \"$ref\" : \"#/components/schemas/RequestParametersItem\" } } } }, \"UserIdentity\" : { \"type\" : \"object\", \"required\" : [ \"accessKeyId\", \"accountId\", \"principalId\", \"type\", \"arn\" ], \"properties\" : { \"sessionContext\" : { \"$ref\" : \"#/components/schemas/SessionContext\" }, \"accessKeyId\" : { \"type\" : \"string\" }, \"accountId\" : { \"type\" : \"string\" }, \"principalId\" : { \"type\" : \"string\" }, \"type\" : { \"type\" : \"string\" }, \"arn\" : { \"type\" : \"string\" }, \"invokedBy\" : { \"type\" : \"string\" } } }, \"RequestParametersItem\" : { \"type\" : \"object\", \"nullable\" : true, \"required\" : [ \"name\", \"value\" ], \"properties\" : { \"name\" : { \"type\" : \"string\", \"nullable\" : true }, \"value\" : { \"type\" : \"string\", \"nullable\" : true } } }, \"SessionContext\" : { \"type\" : \"object\", \"properties\" : { \"webIdFederationData\" : { \"type\" : \"object\" }, \"sessionIssuer\" : { \"$ref\" : \"#/components/schemas/SessionIssuer\" }, \"attributes\" : { \"$ref\" : \"#/components/schemas/Attributes\" } } }, \"SessionIssuer\" : { \"type\" : \"object\", \"properties\" : { \"accountId\" : { \"type\" : \"string\" }, \"principalId\" : { \"type\" : \"string\" }, \"type\" : { \"type\" : \"string\" }, \"arn\" : { \"type\" : \"string\" }, \"userName\" : { \"type\" : \"string\" } } }, \"Attributes\" : { \"type\" : \"object\", \"properties\" : { \"mfaAuthenticated\" : { \"type\" : \"string\" }, \"creationDate\" : { \"type\" : \"string\", \"format\" : \"date-time\" } } } } } } ",
    "Description": "Schema for event type AWSAPICallViaCloudTrail, published by AWS service aws.monitoring",
    "LastModified": "2020-04-24T17:48:07Z",
    "SchemaArn": "",
    "SchemaName": "aws.monitoring@AWSAPICallViaCloudTrail",
    "SchemaVersion": "2",
    "Tags": {},
    "Type": "OpenApi3",
    "VersionCreatedDate": "2020-04-24T17:48:07Z"
}
