{
    "Content": "{ \"openapi\" : \"3.0.0\", \"info\" : { \"version\" : \"1.0.0\", \"title\" : \"ECRImageAction\" }, \"paths\" : { }, \"components\" : { \"schemas\" : { \"AWSEvent\" : { \"type\" : \"object\", \"required\" : [ \"detail-type\", \"resources\", \"detail\", \"id\", \"source\", \"time\", \"region\", \"version\", \"account\" ], \"x-amazon-events-detail-type\" : \"ECR Image Action\", \"x-amazon-events-source\" : \"aws.ecr\", \"properties\" : { \"detail\" : { \"$ref\" : \"#/components/schemas/ECRImageAction\" }, \"account\" : { \"type\" : \"string\" }, \"detail-type\" : { \"type\" : \"string\" }, \"id\" : { \"type\" : \"string\" }, \"region\" : { \"type\" : \"string\" }, \"resources\" : { \"type\" : \"array\", \"items\" : { \"type\" : \"string\" } }, \"source\" : { \"type\" : \"string\" }, \"time\" : { \"type\" : \"string\", \"format\" : \"date-time\" }, \"version\" : { \"type\" : \"string\" } } }, \"ECRImageAction\" : { \"type\" : \"object\", \"required\" : [ \"repository-name\", \"result\", \"action-type\" ], \"properties\" : { \"action-type\" : { \"type\" : \"string\" }, \"image-digest\" : { \"type\" : \"string\" }, \"image-tag\" : { \"type\" : \"string\" }, \"repository-name\" : { \"type\" : \"string\" }, \"result\" : { \"type\" : \"string\" } } } } } } ",
    "Description": "Schema for event type ECRImageAction, published by AWS service aws.ecr",
    "LastModified": "2020-03-27T04:35:20Z",
    "SchemaArn": "",
    "SchemaName": "aws.ecr@ECRImageAction",
    "SchemaVersion": "1",
    "Tags": {},
    "Type": "OpenApi3",
    "VersionCreatedDate": "2020-03-27T04:35:20Z"
}
