{
    "Content": "{ \"openapi\" : \"3.0.0\", \"info\" : { \"version\" : \"1.0.0\", \"title\" : \"AWSAPICallViaCloudTrail\" }, \"paths\" : { }, \"components\" : { \"schemas\" : { \"AWSEvent\" : { \"type\" : \"object\", \"required\" : [ \"detail-type\", \"resources\", \"detail\", \"id\", \"source\", \"time\", \"region\", \"version\", \"account\" ], \"x-amazon-events-detail-type\" : \"AWS API Call via CloudTrail\", \"x-amazon-events-source\" : \"aws.codebuild\", \"properties\" : { \"detail\" : { \"$ref\" : \"#/components/schemas/AWSAPICallViaCloudTrail\" }, \"account\" : { \"type\" : \"string\" }, \"detail-type\" : { \"type\" : \"string\" }, \"id\" : { \"type\" : \"string\" }, \"region\" : { \"type\" : \"string\" }, \"resources\" : { \"type\" : \"array\", \"items\" : { \"type\" : \"string\" } }, \"source\" : { \"type\" : \"string\" }, \"time\" : { \"type\" : \"string\", \"format\" : \"date-time\" }, \"version\" : { \"type\" : \"string\" } } }, \"AWSAPICallViaCloudTrail\" : { \"type\" : \"object\", \"required\" : [ \"eventID\", \"awsRegion\", \"eventVersion\", \"responseElements\", \"sourceIPAddress\", \"eventSource\", \"requestParameters\", \"userAgent\", \"eventType\", \"userIdentity\", \"requestID\", \"eventTime\", \"eventName\" ], \"properties\" : { \"requestParameters\" : { \"$ref\" : \"#/components/schemas/RequestParameters\" }, \"responseElements\" : { \"$ref\" : \"#/components/schemas/ResponseElements\" }, \"userIdentity\" : { \"$ref\" : \"#/components/schemas/UserIdentity\" }, \"awsRegion\" : { \"type\" : \"string\" }, \"errorCode\" : { \"type\" : \"string\" }, \"errorMessage\" : { \"type\" : \"string\" }, \"eventID\" : { \"type\" : \"string\" }, \"eventName\" : { \"type\" : \"string\" }, \"eventSource\" : { \"type\" : \"string\" }, \"eventTime\" : { \"type\" : \"string\", \"format\" : \"date-time\" }, \"eventType\" : { \"type\" : \"string\" }, \"eventVersion\" : { \"type\" : \"string\" }, \"requestID\" : { \"type\" : \"string\" }, \"sourceIPAddress\" : { \"type\" : \"string\" }, \"userAgent\" : { \"type\" : \"string\" } } }, \"RequestParameters\" : { \"type\" : \"object\", \"nullable\" : true, \"required\" : [ \"awsActId\", \"payerId\", \"userArn\" ], \"properties\" : { \"awsActId\" : { \"type\" : \"string\", \"nullable\" : true }, \"invokedBy\" : { \"type\" : \"string\", \"nullable\" : true }, \"payerId\" : { \"type\" : \"string\", \"nullable\" : true }, \"userArn\" : { \"type\" : \"string\", \"nullable\" : true } } }, \"ResponseElements\" : { \"type\" : \"object\", \"nullable\" : true, \"properties\" : { \"build\" : { \"$ref\" : \"#/components/schemas/Build\" }, \"project\" : { \"$ref\" : \"#/components/schemas/Project\" }, \"webhook\" : { \"$ref\" : \"#/components/schemas/Webhook\" }, \"message\" : { \"type\" : \"string\", \"nullable\" : true }, \"webhookDeletedStatus\" : { \"type\" : \"string\", \"nullable\" : true } } }, \"UserIdentity\" : { \"type\" : \"object\", \"required\" : [ \"accessKeyId\", \"sessionContext\", \"accountId\", \"principalId\", \"arn\", \"type\" ], \"properties\" : { \"sessionContext\" : { \"$ref\" : \"#/components/schemas/SessionContext\" }, \"accessKeyId\" : { \"type\" : \"string\" }, \"accountId\" : { \"type\" : \"string\" }, \"arn\" : { \"type\" : \"string\" }, \"invokedBy\" : { \"type\" : \"string\" }, \"principalId\" : { \"type\" : \"string\" }, \"type\" : { \"type\" : \"string\" } } }, \"Build\" : { \"type\" : \"object\", \"nullable\" : true, \"properties\" : { \"artifacts\" : { \"$ref\" : \"#/components/schemas/Artifacts\" }, \"cache\" : { \"$ref\" : \"#/components/schemas/Cache\" }, \"environment\" : { \"$ref\" : \"#/components/schemas/Environment\" }, \"logs\" : { \"$ref\" : \"#/components/schemas/Logs\" }, \"source\" : { \"$ref\" : \"#/components/schemas/Source\" }, \"vpcConfig\" : { \"$ref\" : \"#/components/schemas/VpcConfig\" }, \"arn\" : { \"type\" : \"string\", \"nullable\" : true }, \"buildComplete\" : { \"type\" : \"boolean\", \"nullable\" : true }, \"buildStatus\" : { \"type\" : \"string\", \"nullable\" : true }, \"currentPhase\" : { \"type\" : \"string\", \"nullable\" : true }, \"encryptionKey\" : { \"type\" : \"string\", \"nullable\" : true }, \"endTime\" : { \"type\" : \"string\", \"nullable\" : true }, \"id\" : { \"type\" : \"string\", \"nullable\" : true }, \"initiator\" : { \"type\" : \"string\", \"nullable\" : true }, \"phases\" : { \"type\" : \"array\", \"items\" : { \"$ref\" : \"#/components/schemas/BuildPhase\" } }, \"projectName\" : { \"type\" : \"string\", \"nullable\" : true }, \"queuedTimeoutInMinutes\" : { \"type\" : \"number\", \"nullable\" : true }, \"resolvedSourceVersion\" : { \"type\" : \"string\", \"nullable\" : true }, \"serviceRole\" : { \"type\" : \"string\", \"nullable\" : true }, \"sourceVersion\" : { \"type\" : \"string\", \"nullable\" : true }, \"startTime\" : { \"type\" : \"string\", \"nullable\" : true }, \"timeoutInMinutes\" : { \"type\" : \"number\", \"nullable\" : true } } }, \"Project\" : { \"type\" : \"object\", \"nullable\" : true, \"properties\" : { \"artifacts\" : { \"$ref\" : \"#/components/schemas/Artifacts_1\" }, \"badge\" : { \"$ref\" : \"#/components/schemas/Badge\" }, \"cache\" : { \"$ref\" : \"#/components/schemas/Cache\" }, \"environment\" : { \"$ref\" : \"#/components/schemas/Environment_1\" }, \"source\" : { \"$ref\" : \"#/components/schemas/Source_1\" }, \"arn\" : { \"type\" : \"string\", \"nullable\" : true }, \"created\" : { \"type\" : \"string\", \"nullable\" : true }, \"description\" : { \"type\" : \"string\", \"nullable\" : true }, \"encryptionKey\" : { \"type\" : \"string\", \"nullable\" : true }, \"lastModified\" : { \"type\" : \"string\", \"nullable\" : true }, \"name\" : { \"type\" : \"string\", \"nullable\" : true }, \"queuedTimeoutInMinutes\" : { \"type\" : \"number\", \"nullable\" : true }, \"serviceRole\" : { \"type\" : \"string\", \"nullable\" : true }, \"sourceVersion\" : { \"type\" : \"string\", \"nullable\" : true }, \"tags\" : { \"type\" : \"array\", \"items\" : { \"$ref\" : \"#/components/schemas/ProjectItem\" } }, \"timeoutInMinutes\" : { \"type\" : \"number\", \"nullable\" : true } } }, \"Webhook\" : { \"type\" : \"object\", \"nullable\" : true, \"properties\" : { \"branchFilter\" : { \"type\" : \"string\", \"nullable\" : true }, \"lastModifiedSecret\" : { \"type\" : \"string\", \"nullable\" : true }, \"payloadUrl\" : { \"type\" : \"string\", \"nullable\" : true }, \"url\" : { \"type\" : \"string\", \"nullable\" : true } } }, \"SessionContext\" : { \"type\" : \"object\", \"required\" : [ \"sessionIssuer\", \"attributes\" ], \"properties\" : { \"attributes\" : { \"$ref\" : \"#/components/schemas/Attributes\" }, \"sessionIssuer\" : { \"$ref\" : \"#/components/schemas/SessionIssuer\" } } }, \"Artifacts\" : { \"type\" : \"object\", \"nullable\" : true, \"properties\" : { \"encryptionDisabled\" : { \"type\" : \"boolean\", \"nullable\" : true }, \"location\" : { \"type\" : \"string\", \"nullable\" : true } } }, \"Cache\" : { \"type\" : \"object\", \"nullable\" : true, \"properties\" : { \"location\" : { \"type\" : \"string\", \"nullable\" : true }, \"type\" : { \"type\" : \"string\", \"nullable\" : true } } }, \"Environment\" : { \"type\" : \"object\", \"nullable\" : true, \"properties\" : { \"certificate\" : { \"type\" : \"string\", \"nullable\" : true }, \"computeType\" : { \"type\" : \"string\", \"nullable\" : true }, \"environmentVariables\" : { \"type\" : \"array\", \"items\" : { \"$ref\" : \"#/components/schemas/EnvironmentItem\" } }, \"image\" : { \"type\" : \"string\", \"nullable\" : true }, \"imagePullCredentialsType\" : { \"type\" : \"string\", \"nullable\" : true }, \"privilegedMode\" : { \"type\" : \"boolean\", \"nullable\" : true }, \"type\" : { \"type\" : \"string\", \"nullable\" : true } } }, \"Logs\" : { \"type\" : \"object\", \"nullable\" : true, \"properties\" : { \"deepLink\" : { \"type\" : \"string\", \"nullable\" : true }, \"groupName\" : { \"type\" : \"string\", \"nullable\" : true }, \"streamName\" : { \"type\" : \"string\", \"nullable\" : true } } }, \"Source\" : { \"type\" : \"object\", \"nullable\" : true, \"properties\" : { \"auth\" : { \"$ref\" : \"#/components/schemas/Auth\" }, \"buildspec\" : { \"type\" : \"string\", \"nullable\" : true }, \"insecureSsl\" : { \"type\" : \"boolean\", \"nullable\" : true }, \"location\" : { \"type\" : \"string\", \"nullable\" : true }, \"reportBuildStatus\" : { \"type\" : \"boolean\", \"nullable\" : true }, \"type\" : { \"type\" : \"string\", \"nullable\" : true } } }, \"VpcConfig\" : { \"type\" : \"object\", \"nullable\" : true, \"properties\" : { \"securityGroupIds\" : { \"type\" : \"array\", \"nullable\" : true, \"items\" : { \"type\" : \"string\", \"nullable\" : true } }, \"subnets\" : { \"type\" : \"array\", \"nullable\" : true, \"items\" : { \"type\" : \"string\", \"nullable\" : true } }, \"vpcId\" : { \"type\" : \"string\", \"nullable\" : true } } }, \"Artifacts_1\" : { \"type\" : \"object\", \"nullable\" : true, \"properties\" : { \"encryptionDisabled\" : { \"type\" : \"boolean\", \"nullable\" : true }, \"location\" : { \"type\" : \"string\", \"nullable\" : true }, \"name\" : { \"type\" : \"string\", \"nullable\" : true }, \"namespaceType\" : { \"type\" : \"string\", \"nullable\" : true }, \"packaging\" : { \"type\" : \"string\", \"nullable\" : true }, \"type\" : { \"type\" : \"string\", \"nullable\" : true } } }, \"Badge\" : { \"type\" : \"object\", \"nullable\" : true, \"properties\" : { \"badgeEnabled\" : { \"type\" : \"boolean\", \"nullable\" : true }, \"badgeRequestUrl\" : { \"type\" : \"string\", \"nullable\" : true } } }, \"Environment_1\" : { \"type\" : \"object\", \"nullable\" : true, \"properties\" : { \"computeType\" : { \"type\" : \"string\", \"nullable\" : true }, \"environmentVariables\" : { \"type\" : \"array\", \"items\" : { \"$ref\" : \"#/components/schemas/EnvironmentItem\" } }, \"image\" : { \"type\" : \"string\", \"nullable\" : true }, \"imagePullCredentialsType\" : { \"type\" : \"string\", \"nullable\" : true }, \"privilegedMode\" : { \"type\" : \"boolean\", \"nullable\" : true }, \"type\" : { \"type\" : \"string\", \"nullable\" : true } } }, \"Source_1\" : { \"type\" : \"object\", \"nullable\" : true, \"properties\" : { \"auth\" : { \"$ref\" : \"#/components/schemas/Auth\" }, \"gitSubmodulesConfig\" : { \"$ref\" : \"#/components/schemas/GitSubmodulesConfig\" }, \"buildspec\" : { \"type\" : \"string\", \"nullable\" : true }, \"gitCloneDepth\" : { \"type\" : \"number\", \"nullable\" : true }, \"insecureSsl\" : { \"type\" : \"boolean\", \"nullable\" : true }, \"location\" : { \"type\" : \"string\", \"nullable\" : true }, \"reportBuildStatus\" : { \"type\" : \"boolean\", \"nullable\" : true }, \"type\" : { \"type\" : \"string\", \"nullable\" : true } } }, \"ProjectItem\" : { \"type\" : \"object\", \"nullable\" : true, \"properties\" : { \"key\" : { \"type\" : \"string\", \"nullable\" : true }, \"value\" : { \"type\" : \"string\", \"nullable\" : true } } }, \"Attributes\" : { \"type\" : \"object\", \"required\" : [ \"mfaAuthenticated\", \"creationDate\" ], \"properties\" : { \"creationDate\" : { \"type\" : \"string\", \"format\" : \"date-time\" }, \"mfaAuthenticated\" : { \"type\" : \"string\" } } }, \"SessionIssuer\" : { \"type\" : \"object\", \"required\" : [ \"accountId\", \"principalId\", \"arn\", \"type\", \"userName\" ], \"properties\" : { \"accountId\" : { \"type\" : \"string\" }, \"arn\" : { \"type\" : \"string\" }, \"principalId\" : { \"type\" : \"string\" }, \"type\" : { \"type\" : \"string\" }, \"userName\" : { \"type\" : \"string\" } } }, \"EnvironmentItem\" : { \"type\" : \"object\", \"nullable\" : true, \"properties\" : { \"name\" : { \"type\" : \"string\", \"nullable\" : true }, \"type\" : { \"type\" : \"string\", \"nullable\" : true }, \"value\" : { \"type\" : \"string\", \"nullable\" : true } } }, \"Auth\" : { \"type\" : \"object\", \"nullable\" : true, \"properties\" : { \"type\" : { \"type\" : \"string\", \"nullable\" : true } } }, \"GitSubmodulesConfig\" : { \"type\" : \"object\", \"nullable\" : true, \"properties\" : { \"fetchSubmodules\" : { \"type\" : \"boolean\", \"nullable\" : true } } }, \"BuildPhase\" : { \"type\" : \"object\", \"properties\" : { \"durationInSeconds\" : { \"type\" : \"number\", \"format\" : \"double\" }, \"endTime\" : { \"type\" : \"string\" }, \"phaseContext\" : { \"type\" : \"array\", \"items\" : { \"type\" : \"string\", \"nullable\" : true } }, \"phaseStatus\" : { \"type\" : \"string\" }, \"phaseType\" : { \"type\" : \"string\" }, \"startTime\" : { \"type\" : \"string\" } } } } } } ",
    "Description": "Schema for event type AWSAPICallViaCloudTrail, published by AWS service aws.codebuild",
    "LastModified": "2020-03-27T04:35:20Z",
    "SchemaArn": "",
    "SchemaName": "aws.codebuild@AWSAPICallViaCloudTrail",
    "SchemaVersion": "1",
    "Tags": {},
    "Type": "OpenApi3",
    "VersionCreatedDate": "2020-03-27T04:35:20Z"
}
