{
    "Content": "{ \"openapi\" : \"3.0.0\", \"info\" : { \"version\" : \"1.0.0\", \"title\" : \"SchemaVersionCreated\" }, \"paths\" : { }, \"components\" : { \"schemas\" : { \"AWSEvent\" : { \"type\" : \"object\", \"required\" : [ \"detail-type\", \"resources\", \"detail\", \"id\", \"source\", \"time\", \"region\", \"version\", \"account\" ], \"x-amazon-events-detail-type\" : \"Schema Version Created\", \"x-amazon-events-source\" : \"aws.schemas\", \"properties\" : { \"detail\" : { \"$ref\" : \"#/components/schemas/SchemaVersionCreated\" }, \"account\" : { \"type\" : \"string\" }, \"detail-type\" : { \"type\" : \"string\" }, \"id\" : { \"type\" : \"string\" }, \"region\" : { \"type\" : \"string\" }, \"resources\" : { \"type\" : \"array\", \"items\" : { \"type\" : \"string\" } }, \"source\" : { \"type\" : \"string\" }, \"time\" : { \"type\" : \"string\", \"format\" : \"date-time\" }, \"version\" : { \"type\" : \"string\" } } }, \"SchemaVersionCreated\" : { \"type\" : \"object\", \"required\" : [ \"CreationDate\", \"Version\", \"RegistryName\", \"SchemaName\", \"SchemaType\" ], \"properties\" : { \"CreationDate\" : { \"type\" : \"string\", \"format\" : \"date-time\" }, \"RegistryName\" : { \"type\" : \"string\" }, \"SchemaName\" : { \"type\" : \"string\" }, \"SchemaType\" : { \"type\" : \"string\" }, \"Version\" : { \"type\" : \"string\" } } } } } }",
    "Description": "Schema for event type SchemaVersionCreated, published by AWS service aws.schemas",
    "LastModified": "2020-03-27T04:35:19Z",
    "SchemaArn": "",
    "SchemaName": "aws.schemas@SchemaVersionCreated",
    "SchemaVersion": "1",
    "Tags": {},
    "Type": "OpenApi3",
    "VersionCreatedDate": "2020-03-27T04:35:19Z"
}
