{
    "Content": "{ \"openapi\": \"3.0.0\", \"info\": { \"version\": \"1.0.0\", \"title\": \"ACMCertificateApproachingExpiration\" }, \"paths\": {}, \"components\": { \"schemas\": { \"AWSEvent\": { \"type\": \"object\", \"required\": [\"detail-type\", \"resources\", \"detail\", \"id\", \"source\", \"time\", \"region\", \"version\", \"account\"], \"x-amazon-events-detail-type\": \"ACM Certificate Approaching Expiration\", \"x-amazon-events-source\": \"aws.acm\", \"properties\": { \"detail\": { \"$ref\": \"#/components/schemas/ACMCertificateApproachingExpiration\" }, \"account\": { \"type\": \"string\" }, \"detail-type\": { \"type\": \"string\" }, \"id\": { \"type\": \"string\" }, \"region\": { \"type\": \"string\" }, \"resources\": { \"type\": \"array\", \"items\": { \"type\": \"string\" } }, \"source\": { \"type\": \"string\" }, \"time\": { \"type\": \"string\", \"format\": \"date-time\" }, \"version\": { \"type\": \"string\" } } }, \"ACMCertificateApproachingExpiration\": { \"type\": \"object\", \"required\": [\"DaysToExpiry\"], \"properties\": { \"DaysToExpiry\": { \"type\": \"number\" } } } } } }",
    "Description": "Schema for event type ACMCertificateApproachingExpiration, published by AWS service aws.acm",
    "LastModified": "2021-06-09T18:06:12Z",
    "SchemaArn": "",
    "SchemaName": "aws.acm@ACMCertificateApproachingExpiration",
    "SchemaVersion": "1",
    "Tags": {},
    "Type": "OpenApi3",
    "VersionCreatedDate": "2021-06-09T18:06:12Z"
}
