{
    "Content": "{ \"openapi\" : \"3.0.0\", \"info\" : { \"version\" : \"1.0.0\", \"title\" : \"AWSAPICallViaCloudTrail\" }, \"paths\" : { }, \"components\" : { \"schemas\" : { \"AWSEvent\" : { \"type\" : \"object\", \"required\" : [ \"detail-type\", \"resources\", \"detail\", \"id\", \"source\", \"time\", \"region\", \"version\", \"account\" ], \"x-amazon-events-detail-type\" : \"AWS API Call via CloudTrail\", \"x-amazon-events-source\" : \"aws.codecommit\", \"properties\" : { \"detail\" : { \"$ref\" : \"#/components/schemas/AWSAPICallViaCloudTrail\" }, \"account\" : { \"type\" : \"string\" }, \"detail-type\" : { \"type\" : \"string\" }, \"id\" : { \"type\" : \"string\" }, \"region\" : { \"type\" : \"string\" }, \"resources\" : { \"type\" : \"array\", \"items\" : { \"type\" : \"string\" } }, \"source\" : { \"type\" : \"string\" }, \"time\" : { \"type\" : \"string\", \"format\" : \"date-time\" }, \"version\" : { \"type\" : \"string\" } } }, \"AWSAPICallViaCloudTrail\" : { \"type\" : \"object\", \"required\" : [ \"eventID\", \"awsRegion\", \"eventVersion\", \"responseElements\", \"sourceIPAddress\", \"eventSource\", \"requestParameters\", \"readOnly\", \"userAgent\", \"eventType\", \"userIdentity\", \"requestID\", \"eventTime\", \"eventName\" ], \"properties\" : { \"additionalEventData\" : { \"$ref\" : \"#/components/schemas/AdditionalEventData\" }, \"requestParameters\" : { \"$ref\" : \"#/components/schemas/RequestParameters\" }, \"responseElements\" : { \"$ref\" : \"#/components/schemas/ResponseElements\" }, \"userIdentity\" : { \"$ref\" : \"#/components/schemas/UserIdentity\" }, \"apiVersion\" : { \"type\" : \"string\", \"format\" : \"date\" }, \"awsRegion\" : { \"type\" : \"string\" }, \"errorCode\" : { \"type\" : \"string\" }, \"errorMessage\" : { \"type\" : \"string\" }, \"eventID\" : { \"type\" : \"string\" }, \"eventName\" : { \"type\" : \"string\" }, \"eventSource\" : { \"type\" : \"string\" }, \"eventTime\" : { \"type\" : \"string\", \"format\" : \"date-time\" }, \"eventType\" : { \"type\" : \"string\" }, \"eventVersion\" : { \"type\" : \"string\" }, \"readOnly\" : { \"type\" : \"boolean\" }, \"requestID\" : { \"type\" : \"string\" }, \"resources\" : { \"type\" : \"array\", \"items\" : { \"$ref\" : \"#/components/schemas/AWSAPICallViaCloudTrailItem\" } }, \"sourceIPAddress\" : { \"type\" : \"string\" }, \"userAgent\" : { \"type\" : \"string\" } } }, \"AdditionalEventData\" : { \"type\" : \"object\", \"properties\" : { \"capabilities\" : { \"type\" : \"array\", \"items\" : { \"type\" : \"string\", \"nullable\" : true } }, \"clone\" : { \"type\" : \"boolean\" }, \"dataTransferred\" : { \"type\" : \"boolean\" }, \"protocol\" : { \"type\" : \"string\" }, \"repositoryId\" : { \"type\" : \"string\" }, \"repositoryName\" : { \"type\" : \"string\" }, \"shallow\" : { \"type\" : \"boolean\" } } }, \"RequestParameters\" : { \"type\" : \"object\", \"nullable\" : true, \"properties\" : { \"location\" : { \"$ref\" : \"#/components/schemas/Location\" }, \"tags\" : { \"$ref\" : \"#/components/schemas/Tags\" }, \"afterCommitId\" : { \"type\" : \"string\", \"nullable\" : true }, \"approvalRuleTemplateContent\" : { \"type\" : \"string\", \"nullable\" : true }, \"approvalRuleTemplateDescription\" : { \"type\" : \"string\", \"nullable\" : true }, \"approvalRuleTemplateName\" : { \"type\" : \"string\", \"nullable\" : true }, \"approvalState\" : { \"type\" : \"string\", \"nullable\" : true }, \"archiveType\" : { \"type\" : \"string\", \"nullable\" : true }, \"beforeCommitId\" : { \"type\" : \"string\", \"nullable\" : true }, \"branchName\" : { \"type\" : \"string\", \"nullable\" : true }, \"clientRequestToken\" : { \"type\" : \"string\", \"nullable\" : true }, \"commentId\" : { \"type\" : \"string\", \"nullable\" : true }, \"commitId\" : { \"type\" : \"string\", \"nullable\" : true }, \"commitIds\" : { \"type\" : \"array\", \"nullable\" : true, \"items\" : { \"type\" : \"string\", \"nullable\" : true } }, \"commitMessage\" : { \"type\" : \"string\", \"nullable\" : true }, \"conflictDetailLevel\" : { \"type\" : \"string\", \"nullable\" : true }, \"conflictResolutionStrategy\" : { \"type\" : \"string\", \"nullable\" : true }, \"content\" : { \"type\" : \"string\", \"nullable\" : true }, \"defaultBranchName\" : { \"type\" : \"string\", \"nullable\" : true }, \"deleteFiles\" : { \"type\" : \"array\", \"items\" : { \"$ref\" : \"#/components/schemas/RequestParametersItem\" } }, \"description\" : { \"type\" : \"string\", \"nullable\" : true }, \"destinationCommitSpecifier\" : { \"type\" : \"string\", \"nullable\" : true }, \"fileMode\" : { \"type\" : \"string\", \"nullable\" : true }, \"filePath\" : { \"type\" : \"string\", \"nullable\" : true }, \"filePaths\" : { \"type\" : \"array\", \"nullable\" : true, \"items\" : { \"type\" : \"string\", \"nullable\" : true } }, \"inReplyTo\" : { \"type\" : \"string\", \"nullable\" : true }, \"keepEmptyFolders\" : { \"type\" : \"boolean\", \"nullable\" : true }, \"maxConflictFiles\" : { \"type\" : \"number\", \"nullable\" : true }, \"maxMergeHunks\" : { \"type\" : \"number\", \"nullable\" : true }, \"mergeOption\" : { \"type\" : \"string\", \"nullable\" : true }, \"name\" : { \"type\" : \"string\", \"nullable\" : true }, \"newName\" : { \"type\" : \"string\", \"nullable\" : true }, \"oldName\" : { \"type\" : \"string\", \"nullable\" : true }, \"parentCommitId\" : { \"type\" : \"string\", \"nullable\" : true }, \"pullRequestId\" : { \"type\" : \"string\", \"nullable\" : true }, \"pullRequestIds\" : { \"type\" : \"array\", \"nullable\" : true, \"items\" : { \"type\" : \"string\", \"nullable\" : true } }, \"pullRequestStatus\" : { \"type\" : \"string\", \"nullable\" : true }, \"putFiles\" : { \"type\" : \"array\", \"items\" : { \"$ref\" : \"#/components/schemas/RequestParametersItem\" } }, \"references\" : { \"type\" : \"array\", \"items\" : { \"$ref\" : \"#/components/schemas/RequestParametersItem_1\" } }, \"repositoryDescription\" : { \"type\" : \"string\", \"nullable\" : true }, \"repositoryName\" : { \"type\" : \"string\", \"nullable\" : true }, \"resourceArn\" : { \"type\" : \"string\", \"nullable\" : true }, \"revisionId\" : { \"type\" : \"string\", \"nullable\" : true }, \"s3Bucket\" : { \"type\" : \"string\", \"nullable\" : true }, \"s3Key\" : { \"type\" : \"string\", \"nullable\" : true }, \"sourceCommitSpecifier\" : { \"type\" : \"string\", \"nullable\" : true }, \"tagKeys\" : { \"type\" : \"array\", \"nullable\" : true, \"items\" : { \"type\" : \"string\", \"nullable\" : true } }, \"targetBranch\" : { \"type\" : \"string\", \"nullable\" : true }, \"targets\" : { \"type\" : \"array\", \"items\" : { \"$ref\" : \"#/components/schemas/RequestParametersItem_2\" } }, \"throwIfClosed\" : { \"type\" : \"boolean\", \"nullable\" : true }, \"title\" : { \"type\" : \"string\", \"nullable\" : true }, \"uploadId\" : { \"type\" : \"string\", \"nullable\" : true } } }, \"ResponseElements\" : { \"type\" : \"object\", \"nullable\" : true, \"properties\" : { \"comment\" : { \"$ref\" : \"#/components/schemas/Comment\" }, \"deletedBranch\" : { \"$ref\" : \"#/components/schemas/DeletedBranch\" }, \"location\" : { \"$ref\" : \"#/components/schemas/Location\" }, \"pullRequest\" : { \"$ref\" : \"#/components/schemas/PullRequest\" }, \"repositoryMetadata\" : { \"$ref\" : \"#/components/schemas/RepositoryMetadata\" }, \"afterBlobId\" : { \"type\" : \"string\", \"nullable\" : true }, \"afterCommitId\" : { \"type\" : \"string\", \"nullable\" : true }, \"beforeBlobId\" : { \"type\" : \"string\", \"nullable\" : true }, \"beforeCommitId\" : { \"type\" : \"string\", \"nullable\" : true }, \"blobId\" : { \"type\" : \"string\", \"nullable\" : true }, \"commitId\" : { \"type\" : \"string\", \"nullable\" : true }, \"filePath\" : { \"type\" : \"string\", \"nullable\" : true }, \"filesAdded\" : { \"type\" : \"array\", \"items\" : { \"$ref\" : \"#/components/schemas/ResponseElementsItem\" } }, \"filesDeleted\" : { \"type\" : \"array\", \"items\" : { \"$ref\" : \"#/components/schemas/ResponseElementsItem\" } }, \"filesUpdated\" : { \"type\" : \"array\", \"items\" : { \"$ref\" : \"#/components/schemas/ResponseElementsItem\" } }, \"pullRequestId\" : { \"type\" : \"string\", \"nullable\" : true }, \"repositoryId\" : { \"type\" : \"string\", \"nullable\" : true }, \"repositoryName\" : { \"type\" : \"string\", \"nullable\" : true }, \"treeId\" : { \"type\" : \"string\", \"nullable\" : true }, \"uploadId\" : { \"type\" : \"string\", \"nullable\" : true } } }, \"UserIdentity\" : { \"type\" : \"object\", \"required\" : [ \"accountId\", \"principalId\", \"arn\", \"type\" ], \"properties\" : { \"sessionContext\" : { \"$ref\" : \"#/components/schemas/SessionContext\" }, \"accessKeyId\" : { \"type\" : \"string\" }, \"accountId\" : { \"type\" : \"string\" }, \"arn\" : { \"type\" : \"string\" }, \"principalId\" : { \"type\" : \"string\" }, \"type\" : { \"type\" : \"string\" }, \"userName\" : { \"type\" : \"string\" } } }, \"AWSAPICallViaCloudTrailItem\" : { \"type\" : \"object\", \"nullable\" : true, \"properties\" : { \"ARN\" : { \"type\" : \"string\", \"nullable\" : true }, \"accountId\" : { \"type\" : \"string\", \"nullable\" : true }, \"type\" : { \"type\" : \"string\", \"nullable\" : true } } }, \"Location\" : { \"type\" : \"object\", \"nullable\" : true, \"properties\" : { \"filePath\" : { \"type\" : \"string\", \"nullable\" : true }, \"filePosition\" : { \"type\" : \"number\", \"nullable\" : true }, \"relativeFileVersion\" : { \"type\" : \"string\", \"nullable\" : true } } }, \"Tags\" : { \"type\" : \"object\", \"nullable\" : true, \"additionalProperties\" : { \"type\" : \"string\" } }, \"RequestParametersItem\" : { \"type\" : \"object\", \"nullable\" : true, \"required\" : [ \"filePath\" ], \"properties\" : { \"filePath\" : { \"type\" : \"string\", \"nullable\" : true } } }, \"RequestParametersItem_1\" : { \"type\" : \"object\", \"nullable\" : true, \"properties\" : { \"commit\" : { \"type\" : \"string\", \"nullable\" : true }, \"ref\" : { \"type\" : \"string\", \"nullable\" : true } } }, \"RequestParametersItem_2\" : { \"type\" : \"object\", \"nullable\" : true, \"required\" : [ \"sourceReference\", \"destinationReference\", \"repositoryName\" ], \"properties\" : { \"destinationReference\" : { \"type\" : \"string\", \"nullable\" : true }, \"repositoryName\" : { \"type\" : \"string\", \"nullable\" : true }, \"sourceReference\" : { \"type\" : \"string\", \"nullable\" : true } } }, \"Comment\" : { \"type\" : \"object\", \"nullable\" : true, \"properties\" : { \"authorArn\" : { \"type\" : \"string\", \"nullable\" : true }, \"clientRequestToken\" : { \"type\" : \"string\", \"nullable\" : true }, \"commentId\" : { \"type\" : \"string\", \"nullable\" : true }, \"content\" : { \"type\" : \"string\", \"nullable\" : true }, \"creationDate\" : { \"type\" : \"string\", \"nullable\" : true }, \"deleted\" : { \"type\" : \"boolean\", \"nullable\" : true }, \"inReplyTo\" : { \"type\" : \"string\", \"nullable\" : true }, \"lastModifiedDate\" : { \"type\" : \"string\", \"nullable\" : true } } }, \"DeletedBranch\" : { \"type\" : \"object\", \"nullable\" : true, \"properties\" : { \"branchName\" : { \"type\" : \"string\", \"nullable\" : true }, \"commitId\" : { \"type\" : \"string\", \"nullable\" : true } } }, \"PullRequest\" : { \"type\" : \"object\", \"nullable\" : true, \"properties\" : { \"approvalRules\" : { \"type\" : \"array\", \"nullable\" : true, \"items\" : { \"type\" : \"object\" } }, \"authorArn\" : { \"type\" : \"string\", \"nullable\" : true }, \"clientRequestToken\" : { \"type\" : \"string\", \"nullable\" : true }, \"creationDate\" : { \"type\" : \"string\", \"nullable\" : true }, \"description\" : { \"type\" : \"string\", \"nullable\" : true }, \"lastActivityDate\" : { \"type\" : \"string\", \"nullable\" : true }, \"pullRequestId\" : { \"type\" : \"string\", \"nullable\" : true }, \"pullRequestStatus\" : { \"type\" : \"string\", \"nullable\" : true }, \"pullRequestTargets\" : { \"type\" : \"array\", \"items\" : { \"$ref\" : \"#/components/schemas/PullRequestItem\" } }, \"revisionId\" : { \"type\" : \"string\", \"nullable\" : true }, \"title\" : { \"type\" : \"string\", \"nullable\" : true } } }, \"RepositoryMetadata\" : { \"type\" : \"object\", \"nullable\" : true, \"properties\" : { \"accountId\" : { \"type\" : \"string\", \"nullable\" : true }, \"arn\" : { \"type\" : \"string\", \"nullable\" : true }, \"cloneUrlHttp\" : { \"type\" : \"string\", \"nullable\" : true }, \"cloneUrlSsh\" : { \"type\" : \"string\", \"nullable\" : true }, \"creationDate\" : { \"type\" : \"string\", \"nullable\" : true }, \"lastModifiedDate\" : { \"type\" : \"string\", \"nullable\" : true }, \"repositoryDescription\" : { \"type\" : \"string\", \"nullable\" : true }, \"repositoryId\" : { \"type\" : \"string\", \"nullable\" : true }, \"repositoryName\" : { \"type\" : \"string\", \"nullable\" : true } } }, \"ResponseElementsItem\" : { \"type\" : \"object\", \"nullable\" : true, \"required\" : [ \"blobId\", \"absolutePath\", \"fileMode\" ], \"properties\" : { \"absolutePath\" : { \"type\" : \"string\", \"nullable\" : true }, \"blobId\" : { \"type\" : \"string\", \"nullable\" : true }, \"fileMode\" : { \"type\" : \"string\", \"nullable\" : true } } }, \"SessionContext\" : { \"type\" : \"object\", \"properties\" : { \"attributes\" : { \"$ref\" : \"#/components/schemas/Attributes\" }, \"sessionIssuer\" : { \"$ref\" : \"#/components/schemas/SessionIssuer\" }, \"webIdFederationData\" : { \"type\" : \"object\" } } }, \"PullRequestItem\" : { \"type\" : \"object\", \"nullable\" : true, \"required\" : [ \"sourceReference\", \"destinationReference\", \"destinationCommit\", \"mergeMetadata\", \"repositoryName\", \"sourceCommit\" ], \"properties\" : { \"mergeMetadata\" : { \"$ref\" : \"#/components/schemas/MergeMetadata\" }, \"destinationCommit\" : { \"type\" : \"string\", \"nullable\" : true }, \"destinationReference\" : { \"type\" : \"string\", \"nullable\" : true }, \"mergeBase\" : { \"type\" : \"string\", \"nullable\" : true }, \"repositoryName\" : { \"type\" : \"string\", \"nullable\" : true }, \"sourceCommit\" : { \"type\" : \"string\", \"nullable\" : true }, \"sourceReference\" : { \"type\" : \"string\", \"nullable\" : true } } }, \"Attributes\" : { \"type\" : \"object\", \"properties\" : { \"creationDate\" : { \"type\" : \"string\", \"format\" : \"date-time\" }, \"mfaAuthenticated\" : { \"type\" : \"string\" } } }, \"SessionIssuer\" : { \"type\" : \"object\", \"properties\" : { \"accountId\" : { \"type\" : \"string\" }, \"arn\" : { \"type\" : \"string\" }, \"principalId\" : { \"type\" : \"string\" }, \"type\" : { \"type\" : \"string\" }, \"userName\" : { \"type\" : \"string\" } } }, \"MergeMetadata\" : { \"type\" : \"object\", \"nullable\" : true, \"required\" : [ \"isMerged\" ], \"properties\" : { \"isMerged\" : { \"type\" : \"boolean\", \"nullable\" : true }, \"mergeCommitId\" : { \"type\" : \"string\", \"nullable\" : true }, \"mergeOption\" : { \"type\" : \"string\", \"nullable\" : true }, \"mergedBy\" : { \"type\" : \"string\", \"nullable\" : true } } } } } } ",
    "Description": "Schema for event type AWSAPICallViaCloudTrail, published by AWS service aws.codecommit",
    "LastModified": "2020-03-27T04:35:12Z",
    "SchemaArn": "",
    "SchemaName": "aws.codecommit@AWSAPICallViaCloudTrail",
    "SchemaVersion": "1",
    "Tags": {},
    "Type": "OpenApi3",
    "VersionCreatedDate": "2020-03-27T04:35:12Z"
}
