{
    "Content": "{ \"openapi\" : \"3.0.0\", \"info\" : { \"version\" : \"1.0.0\", \"title\" : \"EMRClusterStateChange\" }, \"paths\" : { }, \"components\" : { \"schemas\" : { \"AWSEvent\" : { \"type\" : \"object\", \"required\" : [ \"detail-type\", \"resources\", \"id\", \"source\", \"time\", \"detail\", \"region\", \"version\", \"account\" ], \"x-amazon-events-detail-type\" : \"EMR Cluster State Change\", \"x-amazon-events-source\" : \"aws.emr\", \"properties\" : { \"detail\" : { \"$ref\" : \"#/components/schemas/EMRClusterStateChange\" }, \"detail-type\" : { \"type\" : \"string\" }, \"resources\" : { \"type\" : \"array\", \"items\" : { \"type\" : \"string\" } }, \"id\" : { \"type\" : \"string\" }, \"source\" : { \"type\" : \"string\" }, \"time\" : { \"type\" : \"string\", \"format\" : \"date-time\" }, \"region\" : { \"type\" : \"string\" }, \"version\" : { \"type\" : \"string\" }, \"account\" : { \"type\" : \"string\" } } }, \"EMRClusterStateChange\" : { \"type\" : \"object\", \"properties\" : { \"severity\" : { \"type\" : \"string\" }, \"stateChangeReason\" : { \"type\" : \"string\" }, \"name\" : { \"type\" : \"string\" }, \"clusterId\" : { \"type\" : \"string\" }, \"state\" : { \"type\" : \"string\" }, \"message\" : { \"type\" : \"string\" } } } } } } ",
    "Description": "Schema for event type EMRClusterStateChange, published by AWS service aws.emr",
    "LastModified": "2020-03-27T04:35:11Z",
    "SchemaArn": "",
    "SchemaName": "aws.emr@EMRClusterStateChange",
    "SchemaVersion": "1",
    "Tags": {},
    "Type": "OpenApi3",
    "VersionCreatedDate": "2020-03-27T04:35:11Z"
}
