{
    "Content": "{ \"openapi\" : \"3.0.0\", \"info\" : { \"version\" : \"1.0.0\", \"title\" : \"StepFunctionsExecutionStatusChange\" }, \"paths\" : { }, \"components\" : { \"schemas\" : { \"AWSEvent\" : { \"type\" : \"object\", \"required\" : [ \"detail-type\", \"resources\", \"id\", \"source\", \"time\", \"detail\", \"region\", \"version\", \"account\" ], \"x-amazon-events-detail-type\" : \"Step Functions Execution Status Change\", \"x-amazon-events-source\" : \"aws.states\", \"properties\" : { \"detail\" : { \"$ref\" : \"#/components/schemas/StepFunctionsExecutionStatusChange\" }, \"detail-type\" : { \"type\" : \"string\" }, \"resources\" : { \"type\" : \"array\", \"items\" : { \"type\" : \"string\" } }, \"id\" : { \"type\" : \"string\" }, \"source\" : { \"type\" : \"string\" }, \"time\" : { \"type\" : \"string\", \"format\" : \"date-time\" }, \"region\" : { \"type\" : \"string\" }, \"version\" : { \"type\" : \"string\" }, \"account\" : { \"type\" : \"string\" } } }, \"StepFunctionsExecutionStatusChange\" : { \"type\" : \"object\", \"required\" : [ \"output\", \"input\", \"executionArn\", \"name\", \"stateMachineArn\", \"startDate\", \"stopDate\", \"status\" ], \"properties\" : { \"output\" : { \"type\" : \"string\", \"nullable\" : true }, \"input\" : { \"type\" : \"string\" }, \"executionArn\" : { \"type\" : \"string\" }, \"name\" : { \"type\" : \"string\" }, \"stateMachineArn\" : { \"type\" : \"string\" }, \"startDate\" : { \"type\" : \"integer\", \"format\" : \"int64\" }, \"stopDate\" : { \"type\" : \"integer\", \"format\" : \"int64\", \"nullable\" : true }, \"status\" : { \"type\" : \"string\" } } } } } }",
    "Description": "Schema for event type StepFunctionsExecutionStatusChange, published by AWS service aws.states",
    "LastModified": "2020-03-27T04:35:18Z",
    "SchemaArn": "",
    "SchemaName": "aws.states@StepFunctionsExecutionStatusChange",
    "SchemaVersion": "1",
    "Tags": {},
    "Type": "OpenApi3",
    "VersionCreatedDate": "2020-03-27T04:35:18Z"
}
