{
    "Content": "{ \"openapi\" : \"3.0.0\", \"info\" : { \"version\" : \"1.0.0\", \"title\" : \"AWSAPICallViaCloudTrail\" }, \"paths\" : { }, \"components\" : { \"schemas\" : { \"AWSEvent\" : { \"type\" : \"object\", \"required\" : [ \"detail-type\", \"resources\", \"detail\", \"id\", \"source\", \"time\", \"region\", \"version\", \"account\" ], \"x-amazon-events-detail-type\" : \"AWS API Call via CloudTrail\", \"x-amazon-events-source\" : \"aws.transcribe\", \"properties\" : { \"detail\" : { \"$ref\" : \"#/components/schemas/AWSAPICallViaCloudTrail\" }, \"account\" : { \"type\" : \"string\" }, \"detail-type\" : { \"type\" : \"string\" }, \"id\" : { \"type\" : \"string\" }, \"region\" : { \"type\" : \"string\" }, \"resources\" : { \"type\" : \"array\", \"items\" : { \"type\" : \"string\" } }, \"source\" : { \"type\" : \"string\" }, \"time\" : { \"type\" : \"string\", \"format\" : \"date-time\" }, \"version\" : { \"type\" : \"string\" } } }, \"AWSAPICallViaCloudTrail\" : { \"type\" : \"object\", \"required\" : [ \"eventID\", \"awsRegion\", \"eventVersion\", \"responseElements\", \"sourceIPAddress\", \"eventSource\", \"requestParameters\", \"userAgent\", \"eventType\", \"userIdentity\", \"requestID\", \"eventTime\", \"eventName\" ], \"properties\" : { \"requestParameters\" : { \"$ref\" : \"#/components/schemas/RequestParameters\" }, \"responseElements\" : { \"$ref\" : \"#/components/schemas/ResponseElements\" }, \"userIdentity\" : { \"$ref\" : \"#/components/schemas/UserIdentity\" }, \"awsRegion\" : { \"type\" : \"string\" }, \"eventID\" : { \"type\" : \"string\" }, \"eventName\" : { \"type\" : \"string\" }, \"eventSource\" : { \"type\" : \"string\" }, \"eventTime\" : { \"type\" : \"string\", \"format\" : \"date-time\" }, \"eventType\" : { \"type\" : \"string\" }, \"eventVersion\" : { \"type\" : \"string\" }, \"requestID\" : { \"type\" : \"string\" }, \"sourceIPAddress\" : { \"type\" : \"string\" }, \"userAgent\" : { \"type\" : \"string\" } } }, \"RequestParameters\" : { \"type\" : \"object\", \"properties\" : { \"media\" : { \"$ref\" : \"#/components/schemas/Media\" }, \"settings\" : { \"$ref\" : \"#/components/schemas/Settings\" }, \"languageCode\" : { \"type\" : \"string\" }, \"mediaFormat\" : { \"type\" : \"string\" }, \"mediaSampleRateHertz\" : { \"type\" : \"number\" }, \"transcriptionJobName\" : { \"type\" : \"string\" }, \"vocabularyName\" : { \"type\" : \"string\" } } }, \"ResponseElements\" : { \"type\" : \"object\", \"nullable\" : true, \"properties\" : { \"transcriptionJob\" : { \"$ref\" : \"#/components/schemas/TranscriptionJob\" }, \"languageCode\" : { \"type\" : \"string\", \"nullable\" : true }, \"vocabularyName\" : { \"type\" : \"string\", \"nullable\" : true }, \"vocabularyState\" : { \"type\" : \"string\", \"nullable\" : true } } }, \"UserIdentity\" : { \"type\" : \"object\", \"required\" : [ \"accessKeyId\", \"accountId\", \"principalId\", \"arn\", \"type\", \"userName\" ], \"properties\" : { \"accessKeyId\" : { \"type\" : \"string\" }, \"accountId\" : { \"type\" : \"string\" }, \"arn\" : { \"type\" : \"string\" }, \"principalId\" : { \"type\" : \"string\" }, \"type\" : { \"type\" : \"string\" }, \"userName\" : { \"type\" : \"string\" } } }, \"Media\" : { \"type\" : \"object\", \"properties\" : { \"mediaFileUri\" : { \"type\" : \"string\" } } }, \"Settings\" : { \"type\" : \"object\", \"properties\" : { \"channelIdentification\" : { \"type\" : \"boolean\" }, \"vocabularyName\" : { \"type\" : \"string\" } } }, \"TranscriptionJob\" : { \"type\" : \"object\", \"nullable\" : true, \"properties\" : { \"media\" : { \"$ref\" : \"#/components/schemas/Media_1\" }, \"settings\" : { \"$ref\" : \"#/components/schemas/Settings_1\" }, \"creationTime\" : { \"type\" : \"string\", \"nullable\" : true }, \"languageCode\" : { \"type\" : \"string\", \"nullable\" : true }, \"mediaFormat\" : { \"type\" : \"string\", \"nullable\" : true }, \"mediaSampleRateHertz\" : { \"type\" : \"number\", \"nullable\" : true }, \"transcriptionJobName\" : { \"type\" : \"string\", \"nullable\" : true }, \"transcriptionJobStatus\" : { \"type\" : \"string\", \"nullable\" : true } } }, \"Media_1\" : { \"type\" : \"object\", \"nullable\" : true, \"properties\" : { \"mediaFileUri\" : { \"type\" : \"string\", \"nullable\" : true } } }, \"Settings_1\" : { \"type\" : \"object\", \"nullable\" : true, \"properties\" : { \"channelIdentification\" : { \"type\" : \"boolean\", \"nullable\" : true }, \"vocabularyName\" : { \"type\" : \"string\", \"nullable\" : true } } } } } }",
    "Description": "Schema for event type AWSAPICallViaCloudTrail, published by AWS service aws.transcribe",
    "LastModified": "2020-03-27T04:35:18Z",
    "SchemaArn": "",
    "SchemaName": "aws.transcribe@AWSAPICallViaCloudTrail",
    "SchemaVersion": "1",
    "Tags": {},
    "Type": "OpenApi3",
    "VersionCreatedDate": "2020-03-27T04:35:18Z"
}
