{
    "Content": "{ \"openapi\": \"3.0.0\", \"info\": { \"version\": \"1.0.0\", \"title\": \"ApplicationCostProfilerIngestionDataAccessFailure\" }, \"paths\": {}, \"components\": { \"schemas\": { \"AWSEvent\": { \"type\": \"object\", \"required\": [\"detail-type\", \"resources\", \"detail\", \"id\", \"source\", \"time\", \"region\", \"version\", \"account\"], \"x-amazon-events-detail-type\": \"Application Cost Profiler Ingestion Data Access Failure\", \"x-amazon-events-source\": \"aws.application-cost-profiler\", \"properties\": { \"detail\": { \"$ref\": \"#/components/schemas/ApplicationCostProfilerIngestionDataAccessFailure\" }, \"account\": { \"type\": \"string\" }, \"detail-type\": { \"type\": \"string\" }, \"id\": { \"type\": \"string\" }, \"region\": { \"type\": \"string\" }, \"resources\": { \"type\": \"array\", \"items\": { \"type\": \"object\" } }, \"source\": { \"type\": \"string\" }, \"time\": { \"type\": \"string\", \"format\": \"date-time\" }, \"version\": { \"type\": \"string\" } } }, \"ApplicationCostProfilerIngestionDataAccessFailure\": { \"type\": \"object\", \"required\": [\"message\"], \"properties\": { \"message\": { \"type\": \"string\" } } } } } }",
    "Description": "Schema for event type ApplicationCostProfilerIngestionDataAccessFailure, published by AWS service aws.applicationcostprofiler",
    "LastModified": "2021-06-29T17:39:55Z",
    "SchemaArn": "",
    "SchemaName": "aws.applicationcostprofiler@ApplicationCostProfilerIngestionDataAccessFailure",
    "SchemaVersion": "1",
    "Tags": {},
    "Type": "OpenApi3",
    "VersionCreatedDate": "2021-06-29T17:39:55Z"
}
