{
    "Content": "{ \"openapi\" : \"3.0.0\", \"info\" : { \"version\" : \"1.0.0\", \"title\" : \"OpsWorksAlert\" }, \"paths\" : { }, \"components\" : { \"schemas\" : { \"AWSEvent\" : { \"type\" : \"object\", \"required\" : [ \"detail-type\", \"resources\", \"id\", \"source\", \"time\", \"detail\", \"region\", \"version\", \"account\" ], \"x-amazon-events-detail-type\" : \"OpsWorks Alert\", \"x-amazon-events-source\" : \"aws.opsworks\", \"properties\" : { \"detail\" : { \"$ref\" : \"#/components/schemas/OpsWorksAlert\" }, \"detail-type\" : { \"type\" : \"string\" }, \"resources\" : { \"type\" : \"array\", \"items\" : { \"type\" : \"string\" } }, \"id\" : { \"type\" : \"string\" }, \"source\" : { \"type\" : \"string\" }, \"time\" : { \"type\" : \"string\", \"format\" : \"date-time\" }, \"region\" : { \"type\" : \"string\" }, \"version\" : { \"type\" : \"string\" }, \"account\" : { \"type\" : \"string\" } } }, \"OpsWorksAlert\" : { \"type\" : \"object\", \"required\" : [ \"stack-id\", \"instance-id\", \"type\", \"message\" ], \"properties\" : { \"stack-id\" : { \"type\" : \"string\" }, \"instance-id\" : { \"type\" : \"string\" }, \"type\" : { \"type\" : \"string\" }, \"message\" : { \"type\" : \"string\" } } } } } } ",
    "Description": "Schema for event type OpsWorksAlert, published by AWS service aws.opsworks",
    "LastModified": "2020-03-27T04:35:19Z",
    "SchemaArn": "",
    "SchemaName": "aws.opsworks@OpsWorksAlert",
    "SchemaVersion": "1",
    "Tags": {},
    "Type": "OpenApi3",
    "VersionCreatedDate": "2020-03-27T04:35:19Z"
}
