{
    "Content": "{ \"openapi\" : \"3.0.0\", \"info\" : { \"version\" : \"1.0.0\", \"title\" : \"AWSConsoleSignInViaCloudTrail\" }, \"paths\" : { }, \"components\" : { \"schemas\" : { \"AWSEvent\" : { \"type\" : \"object\", \"required\" : [ \"detail-type\", \"resources\", \"id\", \"source\", \"time\", \"detail\", \"region\", \"version\", \"account\" ], \"x-amazon-events-detail-type\" : \"AWS Console Sign In via CloudTrail\", \"x-amazon-events-source\" : \"aws.signin\", \"properties\" : { \"detail\" : { \"$ref\" : \"#/components/schemas/AWSConsoleSignInViaCloudTrail\" }, \"detail-type\" : { \"type\" : \"string\" }, \"resources\" : { \"type\" : \"array\", \"items\" : { \"type\" : \"string\" } }, \"id\" : { \"type\" : \"string\" }, \"source\" : { \"type\" : \"string\" }, \"time\" : { \"type\" : \"string\", \"format\" : \"date-time\" }, \"region\" : { \"type\" : \"string\" }, \"version\" : { \"type\" : \"string\" }, \"account\" : { \"type\" : \"string\" } } }, \"AWSConsoleSignInViaCloudTrail\" : { \"type\" : \"object\", \"required\" : [ \"eventID\", \"awsRegion\", \"eventVersion\", \"responseElements\", \"sourceIPAddress\", \"eventSource\", \"requestParameters\", \"userAgent\", \"userIdentity\", \"eventType\", \"additionalEventData\", \"eventTime\", \"eventName\" ], \"properties\" : { \"responseElements\" : { \"$ref\" : \"#/components/schemas/ResponseElements\" }, \"userIdentity\" : { \"$ref\" : \"#/components/schemas/UserIdentity\" }, \"additionalEventData\" : { \"$ref\" : \"#/components/schemas/AdditionalEventData\" }, \"eventID\" : { \"type\" : \"string\" }, \"awsRegion\" : { \"type\" : \"string\" }, \"eventVersion\" : { \"type\" : \"string\" }, \"sourceIPAddress\" : { \"type\" : \"string\" }, \"eventSource\" : { \"type\" : \"string\" }, \"requestParameters\" : { }, \"userAgent\" : { \"type\" : \"string\" }, \"eventType\" : { \"type\" : \"string\" }, \"eventTime\" : { \"type\" : \"string\", \"format\" : \"date-time\" }, \"eventName\" : { \"type\" : \"string\" } } }, \"ResponseElements\" : { \"type\" : \"object\", \"required\" : [ \"ConsoleLogin\" ], \"properties\" : { \"ConsoleLogin\" : { \"type\" : \"string\" } } }, \"UserIdentity\" : { \"type\" : \"object\", \"required\" : [ \"accountId\", \"principalId\", \"type\", \"arn\" ], \"properties\" : { \"accountId\" : { \"type\" : \"string\" }, \"principalId\" : { \"type\" : \"string\" }, \"type\" : { \"type\" : \"string\" }, \"arn\" : { \"type\" : \"string\" } } }, \"AdditionalEventData\" : { \"type\" : \"object\", \"required\" : [ \"LoginTo\", \"MobileVersion\", \"MFAUsed\" ], \"properties\" : { \"LoginTo\" : { \"type\" : \"string\" }, \"MobileVersion\" : { \"type\" : \"string\" }, \"MFAUsed\" : { \"type\" : \"string\" } } } } } } ",
    "Description": "Schema for event type AWSConsoleSignInViaCloudTrail, published by AWS service aws.signin",
    "LastModified": "2021-02-11T18:39:40Z",
    "SchemaArn": "",
    "SchemaName": "aws.signin@AWSConsoleSignInViaCloudTrail",
    "SchemaVersion": "1",
    "Tags": {},
    "Type": "OpenApi3",
    "VersionCreatedDate": "2021-02-11T18:39:40Z"
}
