{
    "Content": "{ \"openapi\": \"3.0.0\", \"info\": { \"version\": \"1.0.0\", \"title\": \"CloudFormationHookInvocationProgress\" }, \"paths\": {}, \"components\": { \"schemas\": { \"AWSEvent\": { \"type\": \"object\", \"required\": [\"detail-type\", \"resources\", \"detail\", \"id\", \"source\", \"time\", \"region\", \"version\", \"account\"], \"x-amazon-events-detail-type\": \"CloudFormation Hook Invocation Progress\", \"x-amazon-events-source\": \"aws.cloudformation\", \"properties\": { \"detail\": { \"$ref\": \"#/components/schemas/CloudFormationHookInvocationProgress\" }, \"account\": { \"type\": \"string\" }, \"detail-type\": { \"type\": \"string\" }, \"id\": { \"type\": \"string\" }, \"region\": { \"type\": \"string\" }, \"resources\": { \"type\": \"array\", \"items\": { \"type\": \"string\" } }, \"source\": { \"type\": \"string\" }, \"time\": { \"type\": \"string\", \"format\": \"date-time\" }, \"version\": { \"type\": \"string\" } } }, \"CloudFormationHookInvocationProgress\": { \"type\": \"object\", \"required\": [\"result\", \"target-detail\", \"hook-detail\", \"status-reason\", \"status\"], \"properties\": { \"hook-detail\": { \"$ref\": \"#/components/schemas/Hook-detail\" }, \"result\": { \"$ref\": \"#/components/schemas/Result\" }, \"target-detail\": { \"$ref\": \"#/components/schemas/Target-detail\" }, \"status\": { \"type\": \"string\" }, \"status-reason\": { \"type\": \"string\" } } }, \"Hook-detail\": { \"type\": \"object\", \"required\": [\"failure-mode\", \"source-url\", \"hook-type-name\", \"hook-type-arn\", \"description\", \"documentation-url\", \"hook-version\"], \"properties\": { \"description\": { \"type\": \"string\" }, \"documentation-url\": { \"type\": \"string\" }, \"failure-mode\": { \"type\": \"string\" }, \"hook-type-arn\": { \"type\": \"string\" }, \"hook-type-name\": { \"type\": \"string\" }, \"hook-version\": { \"type\": \"string\" }, \"source-url\": { \"type\": \"string\" } } }, \"Result\": { \"type\": \"object\", \"required\": [\"data\"], \"properties\": { \"data\": { \"type\": \"string\" } } }, \"Target-detail\": { \"type\": \"object\", \"required\": [\"target-action\", \"target-id\", \"target-type\", \"target-name\", \"target-invocation-point\"], \"properties\": { \"target-action\": { \"type\": \"string\" }, \"target-id\": { \"type\": \"string\" }, \"target-invocation-point\": { \"type\": \"string\" }, \"target-name\": { \"type\": \"string\" }, \"target-type\": { \"type\": \"string\" } } } } } } ",
    "Description": "Schema for event type CloudFormationHookInvocationProgress, published by AWS service aws.cloudformation",
    "LastModified": "2021-11-24T20:21:23Z",
    "SchemaArn": "",
    "SchemaName": "aws.cloudformation@CloudFormationHookInvocationProgress",
    "SchemaVersion": "1",
    "Tags": {},
    "Type": "OpenApi3",
    "VersionCreatedDate": "2021-11-24T20:21:23Z"
}
