{
    "Content": "{ \"openapi\" : \"3.0.0\", \"info\" : { \"version\" : \"1.0.0\", \"title\" : \"EC2InstanceLaunchUnsuccessful\" }, \"paths\" : { }, \"components\" : { \"schemas\" : { \"AWSEvent\" : { \"type\" : \"object\", \"required\" : [ \"detail-type\", \"resources\", \"id\", \"source\", \"time\", \"detail\", \"region\", \"version\", \"account\" ], \"x-amazon-events-detail-type\" : \"EC2 Instance Launch Unsuccessful\", \"x-amazon-events-source\" : \"aws.autoscaling\", \"properties\" : { \"detail\" : { \"$ref\" : \"#/components/schemas/EC2InstanceLaunchUnsuccessful\" }, \"detail-type\" : { \"type\" : \"string\" }, \"resources\" : { \"type\" : \"array\", \"items\" : { \"type\" : \"string\" } }, \"id\" : { \"type\" : \"string\" }, \"source\" : { \"type\" : \"string\" }, \"time\" : { \"type\" : \"string\", \"format\" : \"date-time\" }, \"region\" : { \"type\" : \"string\" }, \"version\" : { \"type\" : \"string\" }, \"account\" : { \"type\" : \"string\" } } }, \"EC2InstanceLaunchUnsuccessful\" : { \"type\" : \"object\", \"required\" : [ \"Description\", \"Details\", \"EndTime\", \"RequestId\", \"ActivityId\", \"Cause\", \"AutoScalingGroupName\", \"StartTime\", \"EC2InstanceId\", \"StatusCode\", \"StatusMessage\", \"Origin\", \"Destination\" ], \"properties\" : { \"Details\" : { \"$ref\" : \"#/components/schemas/Details\" }, \"Description\" : { \"type\" : \"string\" }, \"EndTime\" : { \"type\" : \"string\", \"format\" : \"date-time\" }, \"RequestId\" : { \"type\" : \"string\" }, \"ActivityId\" : { \"type\" : \"string\" }, \"Cause\" : { \"type\" : \"string\" }, \"AutoScalingGroupName\" : { \"type\" : \"string\" }, \"StartTime\" : { \"type\" : \"string\", \"format\" : \"date-time\" }, \"EC2InstanceId\" : { \"type\" : \"string\" }, \"StatusCode\" : { \"type\" : \"string\" }, \"StatusMessage\" : { \"type\" : \"string\" }, \"Origin\": { \"type\": \"string\" }, \"Destination\": { \"type\": \"string\" } } }, \"Details\" : { \"type\" : \"object\", \"properties\" : { \"Subnet ID\" : { \"type\" : \"string\" }, \"Availability Zone\" : { \"type\" : \"string\" } } } } } }",
    "Description": "Schema for event type EC2InstanceLaunchUnsuccessful, published by AWS service aws.autoscaling",
    "LastModified": "2021-04-13T19:41:38Z",
    "SchemaArn": "",
    "SchemaName": "aws.autoscaling@EC2InstanceLaunchUnsuccessful",
    "SchemaVersion": "2",
    "Tags": {},
    "Type": "OpenApi3",
    "VersionCreatedDate": "2021-04-13T19:41:38Z"
}
