{
    "Content": "{ \"openapi\" : \"3.0.0\", \"info\" : { \"version\" : \"1.0.0\", \"title\" : \"MediaPackageKeyProviderNotification\" }, \"paths\" : { }, \"components\" : { \"schemas\" : { \"AWSEvent\" : { \"type\" : \"object\", \"required\" : [ \"detail-type\", \"resources\", \"id\", \"source\", \"time\", \"detail\", \"region\", \"version\", \"account\" ], \"x-amazon-events-detail-type\" : \"MediaPackage Key Provider Notification\", \"x-amazon-events-source\" : \"aws.mediapackage\", \"properties\" : { \"detail\" : { \"$ref\" : \"#/components/schemas/MediaPackageKeyProviderNotification\" }, \"detail-type\" : { \"type\" : \"string\" }, \"resources\" : { \"type\" : \"array\", \"items\" : { \"type\" : \"string\" } }, \"id\" : { \"type\" : \"string\" }, \"source\" : { \"type\" : \"string\" }, \"time\" : { \"type\" : \"string\", \"format\" : \"date-time\" }, \"region\" : { \"type\" : \"string\" }, \"version\" : { \"type\" : \"string\" }, \"account\" : { \"type\" : \"string\" } } }, \"MediaPackageKeyProviderNotification\" : { \"type\" : \"object\", \"required\" : [ \"event\", \"message\" ], \"properties\" : { \"event\" : { \"type\" : \"string\" }, \"message\" : { \"type\" : \"string\" } } } } } }",
    "Description": "Schema for event type MediaPackageKeyProviderNotification, published by AWS service aws.mediapackage",
    "LastModified": "2020-03-27T04:35:10Z",
    "SchemaArn": "",
    "SchemaName": "aws.mediapackage@MediaPackageKeyProviderNotification",
    "SchemaVersion": "1",
    "Tags": {},
    "Type": "OpenApi3",
    "VersionCreatedDate": "2020-03-27T04:35:10Z"
}
