{
    "Content": "{ \"openapi\" : \"3.0.0\", \"info\" : { \"version\" : \"1.0.0\", \"title\" : \"MediaPackageHarvestJobNotification\" }, \"paths\" : { }, \"components\" : { \"schemas\" : { \"AWSEvent\" : { \"type\" : \"object\", \"required\" : [ \"detail-type\", \"resources\", \"detail\", \"id\", \"source\", \"time\", \"region\", \"account\" ], \"x-amazon-events-detail-type\" : \"MediaPackage HarvestJob Notification\", \"x-amazon-events-source\" : \"aws.mediapackage\", \"properties\" : { \"detail\" : { \"$ref\" : \"#/components/schemas/MediaPackageHarvestJobNotification\" }, \"account\" : { \"type\" : \"string\" }, \"detail-type\" : { \"type\" : \"string\" }, \"id\" : { \"type\" : \"string\" }, \"region\" : { \"type\" : \"string\" }, \"resources\" : { \"type\" : \"array\", \"items\" : { \"type\" : \"string\" } }, \"source\" : { \"type\" : \"string\" }, \"time\" : { \"type\" : \"string\", \"format\" : \"date-time\" } } }, \"MediaPackageHarvestJobNotification\" : { \"type\" : \"object\", \"required\" : [ \"harvest_job\" ], \"properties\" : { \"harvest_job\" : { \"$ref\" : \"#/components/schemas/Harvest_job\" } } }, \"Harvest_job\" : { \"type\" : \"object\", \"required\" : [ \"s3_destination\", \"start_time\", \"origin_endpoint_id\", \"end_time\", \"created_at\", \"id\", \"arn\", \"status\" ], \"properties\" : { \"s3_destination\" : { \"$ref\" : \"#/components/schemas/S3_destination\" }, \"arn\" : { \"type\" : \"string\" }, \"created_at\" : { \"type\" : \"string\", \"format\" : \"date-time\" }, \"end_time\" : { \"type\" : \"string\", \"format\" : \"date-time\" }, \"id\" : { \"type\" : \"string\" }, \"origin_endpoint_id\" : { \"type\" : \"string\" }, \"start_time\" : { \"type\" : \"string\", \"format\" : \"date-time\" }, \"status\" : { \"type\" : \"string\" } } }, \"S3_destination\" : { \"type\" : \"object\", \"required\" : [ \"role_arn\", \"bucket_name\", \"manifest_key\" ], \"properties\" : { \"bucket_name\" : { \"type\" : \"string\" }, \"manifest_key\" : { \"type\" : \"string\" }, \"role_arn\" : { \"type\" : \"string\" } } } } } } ",
    "Description": "Schema for event type MediaPackageHarvestJobNotification, published by AWS service aws.mediapackage",
    "LastModified": "2020-03-27T04:35:10Z",
    "SchemaArn": "",
    "SchemaName": "aws.mediapackage@MediaPackageHarvestJobNotification",
    "SchemaVersion": "1",
    "Tags": {},
    "Type": "OpenApi3",
    "VersionCreatedDate": "2020-03-27T04:35:10Z"
}
