{
    "Content": "{ \"openapi\" : \"3.0.0\", \"info\" : { \"version\" : \"1.0.0\", \"title\" : \"CodePipelineActionExecutionStateChange\" }, \"paths\" : { }, \"components\" : { \"schemas\" : { \"AWSEvent\" : { \"type\" : \"object\", \"required\" : [ \"detail-type\", \"resources\", \"id\", \"source\", \"time\", \"detail\", \"region\", \"version\", \"account\" ], \"x-amazon-events-detail-type\" : \"CodePipeline Action Execution State Change\", \"x-amazon-events-source\" : \"aws.codepipeline\", \"properties\" : { \"detail\" : { \"$ref\" : \"#/components/schemas/CodePipelineActionExecutionStateChange\" }, \"detail-type\" : { \"type\" : \"string\" }, \"resources\" : { \"type\" : \"array\", \"items\" : { \"type\" : \"string\" } }, \"id\" : { \"type\" : \"string\" }, \"source\" : { \"type\" : \"string\" }, \"time\" : { \"type\" : \"string\", \"format\" : \"date-time\" }, \"region\" : { \"type\" : \"string\" }, \"version\" : { \"type\" : \"string\" }, \"account\" : { \"type\" : \"string\" } } }, \"CodePipelineActionExecutionStateChange\" : { \"type\" : \"object\", \"required\" : [ \"pipeline\", \"execution-id\", \"stage\", \"action\", \"state\", \"region\", \"type\", \"version\", \"input-artifacts\", \"output-artifacts\" ], \"properties\" : { \"type\" : { \"$ref\" : \"#/components/schemas/Type\" }, \"pipeline\" : { \"type\" : \"string\" }, \"execution-id\" : { \"type\" : \"string\" }, \"stage\" : { \"type\" : \"string\" }, \"action\" : { \"type\" : \"string\" }, \"state\" : { \"type\" : \"string\" }, \"region\" : { \"type\" : \"string\" }, \"version\" : { \"type\" : \"number\" }, \"execution-result\" : { \"$ref\" : \"#/components/schemas/ExecutionResult\" }, \"input-artifacts\" : { \"$ref\" : \"#/components/schemas/InputArtifacts\" }, \"output-artifacts\" : { \"$ref\" : \"#/components/schemas/OutputArtifacts\" } } }, \"Type\" : { \"type\" : \"object\", \"required\" : [ \"owner\", \"provider\", \"category\", \"version\" ], \"properties\" : { \"owner\" : { \"type\" : \"string\" }, \"provider\" : { \"type\" : \"string\" }, \"category\" : { \"type\" : \"string\" }, \"version\" : { \"type\" : \"number\" } } }, \"ExecutionResult\" : { \"type\" : \"object\", \"properties\" : { \"external-execution-id\" : { \"type\" : \"string\" }, \"external-execution-url\" : { \"type\" : \"string\" }, \"external-execution-summary\" : { \"type\" : \"string\" } } }, \"InputArtifacts\" : { \"type\" : \"object\", \"required\" : [ \"name\", \"s3location\" ], \"properties\" : { \"name\" : { \"type\" : \"string\" }, \"s3location\" : { \"$ref\" : \"#/components/schemas/S3Location\" } } }, \"OutputArtifacts\" : { \"type\" : \"object\", \"required\" : [ \"name\", \"s3location\" ], \"properties\" : { \"name\" : { \"type\" : \"string\" }, \"s3location\" : { \"$ref\" : \"#/components/schemas/S3Location\" } } }, \"S3Location\" : { \"type\" : \"object\", \"required\" : [ \"bucket\", \"key\" ], \"properties\" : { \"bucket\" : { \"type\" : \"string\" }, \"key\" : { \"type\" : \"string\" } } } } } } ",
    "Description": "Schema for event type CodePipelineActionExecutionStateChange, published by AWS service aws.codepipeline",
    "LastModified": "2020-03-27T04:35:19Z",
    "SchemaArn": "",
    "SchemaName": "aws.codepipeline@CodePipelineActionExecutionStateChange",
    "SchemaVersion": "1",
    "Tags": {},
    "Type": "OpenApi3",
    "VersionCreatedDate": "2020-03-27T04:35:19Z"
}
