{
    "Content": "{ \"openapi\":\"3.0.0\", \"info\":{ \"version\":\"1.0.0\", \"title\":\"AWSAPICallViaCloudTrail\" }, \"paths\":{\n}, \"components\":{ \"schemas\":{ \"AWSEvent\":{ \"type\":\"object\", \"required\":[ \"detail-type\", \"resources\", \"id\", \"source\", \"time\", \"detail\", \"region\", \"version\", \"account\" ], \"x-amazon-events-detail-type\":\"AWS API Call via CloudTrail\", \"x-amazon-events-source\":\"aws.cloudshell\", \"properties\":{ \"detail\":{ \"$ref\":\"#/components/schemas/AWSAPICallViaCloudTrail\" }, \"detail-type\":{ \"type\":\"string\" }, \"resources\":{ \"type\":\"array\", \"items\":{ \"type\":\"string\" } }, \"id\":{ \"type\":\"string\" }, \"source\":{ \"type\":\"string\" }, \"time\":{ \"type\":\"string\", \"format\":\"date-time\" }, \"region\":{ \"type\":\"string\" }, \"version\":{ \"type\":\"string\" }, \"account\":{ \"type\":\"string\" } } }, \"AWSAPICallViaCloudTrail\":{ \"type\":\"object\", \"required\":[ \"eventID\", \"awsRegion\", \"eventCategory\", \"eventVersion\", \"responseElements\", \"sourceIPAddress\", \"eventSource\", \"requestParameters\", \"readOnly\", \"userAgent\", \"eventType\", \"userIdentity\", \"requestID\", \"eventTime\", \"eventName\", \"recipientAccountId\", \"managementEvent\" ], \"properties\":{ \"requestParameters\":{ \"$ref\":\"#/components/schemas/RequestParameters\" }, \"responseElements\":{ \"$ref\":\"#/components/schemas/ResponseElements\" }, \"userIdentity\":{ \"$ref\":\"#/components/schemas/UserIdentity\" }, \"awsRegion\":{ \"type\":\"string\" }, \"eventCategory\":{ \"type\":\"string\" }, \"eventID\":{ \"type\":\"string\" }, \"eventName\":{ \"type\":\"string\" }, \"eventSource\":{ \"type\":\"string\" }, \"eventTime\":{ \"type\":\"string\", \"format\":\"date-time\" }, \"eventType\":{ \"type\":\"string\" }, \"eventVersion\":{ \"type\":\"string\" }, \"managementEvent\":{ \"type\":\"boolean\" }, \"readOnly\":{ \"type\":\"boolean\" }, \"recipientAccountId\":{ \"type\":\"string\" }, \"requestID\":{ \"type\":\"string\" }, \"sourceIPAddress\":{ \"type\":\"string\" }, \"userAgent\":{ \"type\":\"string\" } } }, \"RequestParameters\":{ \"type\":\"object\", \"nullable\":true, \"required\":[ \"EnvironmentId\" ], \"properties\":{ \"AuthCode\":{ \"type\":\"string\" }, \"CodeVerifier\":{ \"type\":\"string\" }, \"EnvironmentId\":{ \"type\":\"string\", \"nullable\":true }, \"FileDownloadPath\":{ \"type\":\"string\" }, \"FileUploadPath\":{ \"type\":\"string\" }, \"KeyBase\":{ \"type\":\"string\" }, \"RedirectUri\":{ \"type\":\"string\" }, \"RefreshToken\":{ \"type\":\"string\" } } }, \"ResponseElements\":{ \"type\":\"object\", \"nullable\":true, \"required\":[ \"EnvironmentId\" ], \"properties\":{ \"EnvironmentId\":{ \"type\":\"string\", \"nullable\":true }, \"SessionId\":{ \"type\":\"string\", \"nullable\":true }, \"Status\":{ \"type\":\"string\", \"nullable\":true }, \"StreamUrl\":{ \"type\":\"string\", \"nullable\":true }, \"TokenValue\":{ \"type\":\"string\", \"nullable\":true } } }, \"UserIdentity\":{ \"type\":\"object\", \"required\":[ \"accessKeyId\", \"sessionContext\", \"accountId\", \"principalId\", \"arn\", \"type\" ], \"properties\":{ \"sessionContext\":{ \"$ref\":\"#/components/schemas/SessionContext\" }, \"accessKeyId\":{ \"type\":\"string\" }, \"accountId\":{ \"type\":\"string\" }, \"arn\":{ \"type\":\"string\" }, \"principalId\":{ \"type\":\"string\" }, \"type\":{ \"type\":\"string\" } } }, \"SessionContext\":{ \"type\":\"object\", \"required\":[ \"webIdFederationData\", \"sessionIssuer\", \"attributes\" ], \"properties\":{ \"attributes\":{ \"$ref\":\"#/components/schemas/Attributes\" }, \"sessionIssuer\":{ \"$ref\":\"#/components/schemas/SessionIssuer\" }, \"webIdFederationData\":{ \"$ref\":\"#/components/schemas/WebIdFederationData\" } } }, \"Attributes\":{ \"type\":\"object\", \"required\":[ \"mfaAuthenticated\", \"creationDate\" ], \"properties\":{ \"creationDate\":{ \"type\":\"string\", \"format\":\"date-time\" }, \"mfaAuthenticated\":{ \"type\":\"string\" } } }, \"SessionIssuer\":{ \"type\":\"object\", \"required\":[ \"accountId\", \"principalId\", \"arn\", \"type\", \"userName\" ], \"properties\":{ \"accountId\":{ \"type\":\"string\" }, \"arn\":{ \"type\":\"string\" }, \"principalId\":{ \"type\":\"string\" }, \"type\":{ \"type\":\"string\" }, \"userName\":{ \"type\":\"string\" } } }, \"WebIdFederationData\":{ \"type\":\"object\" } } } }",
    "Description": "Schema for event type AWSAPICallViaCloudTrail, published by AWS service aws.cloudshell",
    "LastModified": "2021-11-24T20:21:23Z",
    "SchemaArn": "",
    "SchemaName": "aws.cloudshell@AWSAPICallViaCloudTrail",
    "SchemaVersion": "1",
    "Tags": {},
    "Type": "OpenApi3",
    "VersionCreatedDate": "2021-11-24T20:21:23Z"
}
