{
    "Content": "{ \"openapi\" : \"3.0.0\", \"info\" : { \"version\" : \"1.0.0\", \"title\" : \"CloudWatchAlarmStateChange\" }, \"paths\" : { }, \"components\" : { \"schemas\" : { \"AWSEvent\" : { \"type\" : \"object\", \"required\" : [ \"detail-type\", \"resources\", \"id\", \"source\", \"time\", \"detail\", \"region\", \"version\", \"account\" ], \"x-amazon-events-detail-type\" : \"CloudWatch Alarm State Change\", \"x-amazon-events-source\" : \"aws.cloudwatch\", \"properties\" : { \"detail\" : { \"$ref\" : \"#/components/schemas/CloudWatchAlarmStateChange\" }, \"detail-type\" : { \"type\" : \"string\" }, \"resources\" : { \"type\" : \"array\", \"items\" : { \"type\" : \"string\" } }, \"id\" : { \"type\" : \"string\" }, \"source\" : { \"type\" : \"string\" }, \"time\" : { \"type\" : \"string\", \"format\" : \"date-time\" }, \"region\" : { \"type\" : \"string\" }, \"version\" : { \"type\" : \"string\" }, \"account\" : { \"type\" : \"string\" } } }, \"CloudWatchAlarmStateChange\" : { \"type\" : \"object\", \"required\" : [ \"configuration\", \"alarmName\", \"state\", \"previousState\" ], \"properties\" : { \"configuration\" : { \"$ref\" : \"#/components/schemas/Configuration\" }, \"state\" : { \"$ref\" : \"#/components/schemas/State\" }, \"previousState\" : { \"$ref\" : \"#/components/schemas/State\" }, \"alarmName\" : { \"type\" : \"string\" } } }, \"Configuration\" : { \"type\" : \"object\", \"required\" : [ \"metrics\" ], \"properties\" : { \"metrics\" : { \"type\" : \"array\", \"items\" : { \"$ref\" : \"#/components/schemas/ConfigurationItem\" } } } }, \"State\" : { \"type\" : \"object\", \"required\" : [ \"reason\", \"reasonData\", \"value\", \"timestamp\" ], \"properties\" : { \"reason\" : { \"type\" : \"string\" }, \"reasonData\" : { \"type\" : \"string\" }, \"value\" : { \"type\" : \"string\" }, \"timestamp\" : { \"type\" : \"string\" } } }, \"ConfigurationItem\" : { \"type\" : \"object\", \"required\" : [ \"returnData\", \"id\", \"metricStat\" ], \"properties\" : { \"metricStat\" : { \"$ref\" : \"#/components/schemas/MetricStat\" }, \"returnData\" : { \"type\" : \"boolean\" }, \"id\" : { \"type\" : \"string\" } } }, \"MetricStat\" : { \"type\" : \"object\", \"required\" : [ \"period\", \"stat\", \"metric\" ], \"properties\" : { \"metric\" : { \"$ref\" : \"#/components/schemas/Metric\" }, \"period\" : { \"type\" : \"number\" }, \"stat\" : { \"type\" : \"string\" } } }, \"Metric\" : { \"type\" : \"object\", \"required\" : [ \"namespace\", \"name\", \"dimensions\" ], \"properties\" : { \"dimensions\" : { \"$ref\" : \"#/components/schemas/Dimensions\" }, \"namespace\" : { \"type\" : \"string\" }, \"name\" : { \"type\" : \"string\" } } }, \"Dimensions\" : { \"type\" : \"object\", \"required\" : [ \"AutoScalingGroupName\" ], \"properties\" : { \"AutoScalingGroupName\" : { \"type\" : \"string\" } } } } } }",
    "Description": "Schema for event type CloudWatchAlarmStateChange, published by AWS service aws.cloudwatch",
    "LastModified": "2020-03-27T04:35:18Z",
    "SchemaArn": "",
    "SchemaName": "aws.cloudwatch@CloudWatchAlarmStateChange",
    "SchemaVersion": "1",
    "Tags": {},
    "Type": "OpenApi3",
    "VersionCreatedDate": "2020-03-27T04:35:18Z"
}
