{
    "Content": "{ \"openapi\" : \"3.0.0\", \"info\" : { \"version\" : \"1.0.0\", \"title\" : \"SageMakerTrainingJobStateChange\" }, \"paths\" : { }, \"components\" : { \"schemas\" : { \"AWSEvent\" : { \"type\" : \"object\", \"required\" : [ \"detail-type\", \"resources\", \"id\", \"source\", \"time\", \"detail\", \"region\", \"version\", \"account\" ], \"x-amazon-events-detail-type\" : \"SageMaker Training Job State Change\", \"x-amazon-events-source\" : \"aws.sagemaker\", \"properties\" : { \"detail\" : { \"$ref\" : \"#/components/schemas/SageMakerTrainingJobStateChange\" }, \"detail-type\" : { \"type\" : \"string\" }, \"resources\" : { \"type\" : \"array\", \"items\" : { \"type\" : \"string\" } }, \"id\" : { \"type\" : \"string\" }, \"source\" : { \"type\" : \"string\" }, \"time\" : { \"type\" : \"string\", \"format\" : \"date-time\" }, \"region\" : { \"type\" : \"string\" }, \"version\" : { \"type\" : \"string\" }, \"account\" : { \"type\" : \"string\" } } }, \"SageMakerTrainingJobStateChange\" : { \"type\" : \"object\", \"required\" : [ \"HyperParameters\", \"TrainingJobName\", \"AlgorithmSpecification\", \"SecondaryStatus\", \"OutputDataConfig\", \"InputDataConfig\", \"SecondaryStatusTransitions\", \"RoleArn\", \"TrainingJobStatus\", \"StoppingCondition\", \"TrainingJobArn\", \"CreationTime\", \"LastModifiedTime\", \"ResourceConfig\" ], \"properties\" : { \"HyperParameters\" : { \"$ref\" : \"#/components/schemas/HyperParameters\" }, \"AlgorithmSpecification\" : { \"$ref\" : \"#/components/schemas/AlgorithmSpecification\" }, \"OutputDataConfig\" : { \"$ref\" : \"#/components/schemas/OutputDataConfig\" }, \"ModelArtifacts\" : { \"$ref\" : \"#/components/schemas/ModelArtifacts\" }, \"StoppingCondition\" : { \"$ref\" : \"#/components/schemas/StoppingCondition\" }, \"ResourceConfig\" : { \"$ref\" : \"#/components/schemas/ResourceConfig\" }, \"Tags\" : { \"type\" : \"array\", \"items\" : { \"$ref\" : \"#/components/schemas/Tags\" } }, \"TrainingJobName\" : { \"type\" : \"string\" }, \"SecondaryStatus\" : { \"type\" : \"string\" }, \"InputDataConfig\" : { \"type\" : \"array\", \"items\" : { \"$ref\" : \"#/components/schemas/SageMakerTrainingJobStateChangeItem\" } }, \"SecondaryStatusTransitions\" : { \"type\" : \"array\", \"items\" : { \"$ref\" : \"#/components/schemas/SageMakerTrainingJobStateChangeItem_1\" } }, \"RoleArn\" : { \"type\" : \"string\" }, \"TrainingJobStatus\" : { \"type\" : \"string\" }, \"TrainingJobArn\" : { \"type\" : \"string\" }, \"CreationTime\" : { \"type\" : \"number\", \"format\" : \"double\" }, \"LastModifiedTime\" : { \"type\" : \"number\", \"format\" : \"double\" }, \"TrainingStartTime\" : { \"type\" : \"number\", \"format\" : \"double\" }, \"TrainingEndTime\" : { \"type\" : \"number\", \"format\" : \"double\" } } }, \"HyperParameters\" : { \"type\" : \"object\", \"required\" : [ \"eval_metric\", \"num_round\", \"objective\" ], \"properties\" : { \"eval_metric\" : { \"type\" : \"string\" }, \"num_round\" : { \"type\" : \"string\" }, \"objective\" : { \"type\" : \"string\" } } }, \"AlgorithmSpecification\" : { \"type\" : \"object\", \"required\" : [ \"TrainingInputMode\", \"TrainingImage\" ], \"properties\" : { \"TrainingInputMode\" : { \"type\" : \"string\" }, \"TrainingImage\" : { \"type\" : \"string\" } } }, \"OutputDataConfig\" : { \"type\" : \"object\", \"required\" : [ \"S3OutputPath\" ], \"properties\" : { \"S3OutputPath\" : { \"type\" : \"string\" } } }, \"ModelArtifacts\" : { \"type\" : \"object\", \"properties\" : { \"S3ModelArtifacts\" : { \"type\" : \"string\" } } }, \"StoppingCondition\" : { \"type\" : \"object\", \"required\" : [ \"MaxRuntimeInSeconds\" ], \"properties\" : { \"MaxRuntimeInSeconds\" : { \"type\" : \"number\", \"format\" : \"double\" } } }, \"ResourceConfig\" : { \"type\" : \"object\", \"required\" : [ \"InstanceCount\", \"VolumeSizeInGB\", \"InstanceType\" ], \"properties\" : { \"InstanceCount\" : { \"type\" : \"number\", \"format\" : \"double\" }, \"VolumeSizeInGB\" : { \"type\" : \"number\", \"format\" : \"double\" }, \"InstanceType\" : { \"type\" : \"string\" } } }, \"Tags\" : { \"type\" : \"object\", \"required\" : [ \"Value\", \"Key\" ], \"properties\" : { \"Key\" : { \"type\" : \"string\" }, \"Value\" : { \"type\" : \"string\" } } }, \"SageMakerTrainingJobStateChangeItem\" : { \"type\" : \"object\", \"required\" : [ \"ChannelName\", \"ContentType\", \"RecordWrapperType\", \"CompressionType\", \"DataSource\" ], \"properties\" : { \"DataSource\" : { \"$ref\" : \"#/components/schemas/DataSource\" }, \"ChannelName\" : { \"type\" : \"string\" }, \"ContentType\" : { \"type\" : \"string\" }, \"RecordWrapperType\" : { \"type\" : \"string\" }, \"CompressionType\" : { \"type\" : \"string\" } } }, \"SageMakerTrainingJobStateChangeItem_1\" : { \"type\" : \"object\", \"properties\" : { \"Status\" : { \"type\" : \"string\" }, \"StartTime\" : { \"type\" : \"number\", \"format\" : \"double\" }, \"StatusMessage\" : { \"type\" : \"string\" } } }, \"DataSource\" : { \"type\" : \"object\", \"required\" : [ \"S3DataSource\" ], \"properties\" : { \"S3DataSource\" : { \"$ref\" : \"#/components/schemas/S3DataSource\" } } }, \"S3DataSource\" : { \"type\" : \"object\", \"required\" : [ \"S3DataDistributionType\", \"S3Uri\", \"S3DataType\" ], \"properties\" : { \"S3DataDistributionType\" : { \"type\" : \"string\" }, \"S3Uri\" : { \"type\" : \"string\" }, \"S3DataType\" : { \"type\" : \"string\" } } } } } } ",
    "Description": "Schema for event type SageMakerTrainingJobStateChange, published by AWS service aws.sagemaker",
    "LastModified": "2020-03-27T04:35:12Z",
    "SchemaArn": "",
    "SchemaName": "aws.sagemaker@SageMakerTrainingJobStateChange",
    "SchemaVersion": "1",
    "Tags": {},
    "Type": "OpenApi3",
    "VersionCreatedDate": "2020-03-27T04:35:12Z"
}
