{
    "Content": "{ \"openapi\" : \"3.0.0\", \"info\" : { \"version\" : \"1.0.0\", \"title\" : \"SageMakerTransformJobStateChange\" }, \"paths\" : { }, \"components\" : { \"schemas\" : { \"AWSEvent\" : { \"type\" : \"object\", \"required\" : [ \"detail-type\", \"resources\", \"id\", \"source\", \"time\", \"detail\", \"region\", \"version\", \"account\" ], \"x-amazon-events-detail-type\" : \"SageMaker Transform Job State Change\", \"x-amazon-events-source\" : \"aws.sagemaker\", \"properties\" : { \"detail\" : { \"$ref\" : \"#/components/schemas/SageMakerTransformJobStateChange\" }, \"detail-type\" : { \"type\" : \"string\" }, \"resources\" : { \"type\" : \"array\", \"items\" : { \"type\" : \"string\" } }, \"id\" : { \"type\" : \"string\" }, \"source\" : { \"type\" : \"string\" }, \"time\" : { \"type\" : \"string\", \"format\" : \"date-time\" }, \"region\" : { \"type\" : \"string\" }, \"version\" : { \"type\" : \"string\" }, \"account\" : { \"type\" : \"string\" } } }, \"SageMakerTransformJobStateChange\" : { \"type\" : \"object\", \"required\" : [ \"TransformResources\", \"ModelName\", \"TransformOutput\", \"CreationTime\", \"TransformInput\", \"TransformJobArn\", \"TransformJobStatus\", \"TransformJobName\" ], \"properties\" : { \"TransformResources\" : { \"$ref\" : \"#/components/schemas/TransformResources\" }, \"TransformOutput\" : { \"$ref\" : \"#/components/schemas/TransformOutput\" }, \"TransformInput\" : { \"$ref\" : \"#/components/schemas/TransformInput\" }, \"Tags\" : { \"type\" : \"array\", \"items\" : { \"$ref\" : \"#/components/schemas/Tags\" } }, \"TransformStartTime\" : { \"type\" : \"number\", \"format\" : \"double\" }, \"ModelName\" : { \"type\" : \"string\" }, \"CreationTime\" : { \"type\" : \"number\", \"format\" : \"double\" }, \"TransformJobArn\" : { \"type\" : \"string\" }, \"TransformJobStatus\" : { \"type\" : \"string\" }, \"TransformJobName\" : { \"type\" : \"string\" }, \"TransformEndTime\" : { \"type\" : \"number\", \"format\" : \"double\" } } }, \"TransformResources\" : { \"type\" : \"object\", \"required\" : [ \"InstanceCount\", \"InstanceType\" ], \"properties\" : { \"InstanceCount\" : { \"type\" : \"number\", \"format\" : \"double\" }, \"InstanceType\" : { \"type\" : \"string\" } } }, \"TransformOutput\" : { \"type\" : \"object\", \"required\" : [ \"AssembleWith\", \"S3OutputPath\" ], \"properties\" : { \"AssembleWith\" : { \"type\" : \"string\" }, \"S3OutputPath\" : { \"type\" : \"string\" } } }, \"TransformInput\" : { \"type\" : \"object\", \"required\" : [ \"ContentType\", \"SplitType\", \"CompressionType\", \"DataSource\" ], \"properties\" : { \"DataSource\" : { \"$ref\" : \"#/components/schemas/DataSource\" }, \"ContentType\" : { \"type\" : \"string\" }, \"SplitType\" : { \"type\" : \"string\" }, \"CompressionType\" : { \"type\" : \"string\" } } }, \"Tags\" : { \"type\" : \"object\", \"required\" : [ \"Value\", \"Key\" ], \"properties\" : { \"Key\" : { \"type\" : \"string\" }, \"Value\" : { \"type\" : \"string\" } } }, \"DataSource\" : { \"type\" : \"object\", \"required\" : [ \"S3DataSource\" ], \"properties\" : { \"S3DataSource\" : { \"$ref\" : \"#/components/schemas/S3DataSource\" } } }, \"S3DataSource\" : { \"type\" : \"object\", \"required\" : [ \"S3Uri\", \"S3DataType\" ], \"properties\" : { \"S3Uri\" : { \"type\" : \"string\" }, \"S3DataType\" : { \"type\" : \"string\" } } } } } } ",
    "Description": "Schema for event type SageMakerTransformJobStateChange, published by AWS service aws.sagemaker",
    "LastModified": "2020-03-27T04:35:20Z",
    "SchemaArn": "",
    "SchemaName": "aws.sagemaker@SageMakerTransformJobStateChange",
    "SchemaVersion": "1",
    "Tags": {},
    "Type": "OpenApi3",
    "VersionCreatedDate": "2020-03-27T04:35:20Z"
}
