{
    "Content": "{ \"openapi\": \"3.0.0\", \"info\": { \"version\": \"1.0.0\", \"title\": \"GameLiftQueuePlacementEvent\" }, \"paths\": {}, \"components\": { \"schemas\": { \"AWSEvent\": { \"type\": \"object\", \"required\": [\"detail-type\", \"resources\", \"detail\", \"id\", \"source\", \"time\", \"region\", \"version\", \"account\"], \"x-amazon-events-detail-type\": \"GameLift Queue Placement Event\", \"x-amazon-events-source\": \"aws.gamelift\", \"properties\": { \"detail\": { \"$ref\": \"#/components/schemas/GameLiftQueuePlacementEvent\" }, \"account\": { \"type\": \"string\" }, \"detail-type\": { \"type\": \"string\" }, \"id\": { \"type\": \"string\" }, \"region\": { \"type\": \"string\" }, \"resources\": { \"type\": \"array\", \"items\": { \"type\": \"string\" } }, \"source\": { \"type\": \"string\" }, \"time\": { \"type\": \"string\", \"format\": \"date-time\" }, \"version\": { \"type\": \"string\" } } }, \"GameLiftQueuePlacementEvent\": { \"type\": \"object\", \"required\": [\"placementId\", \"port\", \"gameSessionArn\", \"ipAddress\", \"placedPlayerSessions\", \"dnsName\", \"startTime\", \"endTime\", \"gameSessionRegion\", \"type\"], \"properties\": { \"dnsName\": { \"type\": \"string\" }, \"endTime\": { \"type\": \"string\", \"format\": \"date-time\" }, \"gameSessionArn\": { \"type\": \"string\" }, \"gameSessionRegion\": { \"type\": \"string\" }, \"ipAddress\": { \"type\": \"string\" }, \"placedPlayerSessions\": { \"type\": \"array\", \"items\": { \"$ref\": \"#/components/schemas/GameLiftQueuePlacementEventItem\" } }, \"placementId\": { \"type\": \"string\" }, \"port\": { \"type\": \"string\" }, \"startTime\": { \"type\": \"string\", \"format\": \"date-time\" }, \"type\": { \"type\": \"string\" } } }, \"GameLiftQueuePlacementEventItem\": { \"type\": \"object\", \"required\": [\"playerSessionId\", \"playerId\"], \"properties\": { \"playerId\": { \"type\": \"string\" }, \"playerSessionId\": { \"type\": \"string\" } } } } } }",
    "Description": "Schema for event type GameLiftQueuePlacementEvent, published by AWS service aws.gamelift",
    "LastModified": "2021-06-09T18:06:20Z",
    "SchemaArn": "",
    "SchemaName": "aws.gamelift@GameLiftQueuePlacementEvent",
    "SchemaVersion": "1",
    "Tags": {},
    "Type": "OpenApi3",
    "VersionCreatedDate": "2021-06-09T18:06:20Z"
}
