{
    "Content": "{ \"openapi\" : \"3.0.0\", \"info\" : { \"version\" : \"1.0.0\", \"title\" : \"AWSAPICallViaCloudTrail\" }, \"paths\" : { }, \"components\" : { \"schemas\" : { \"AWSEvent\" : { \"type\" : \"object\", \"required\" : [ \"detail-type\", \"resources\", \"id\", \"source\", \"time\", \"detail\", \"region\", \"version\", \"account\" ], \"x-amazon-events-detail-type\" : \"AWS API Call via CloudTrail\", \"x-amazon-events-source\" : \"aws.elasticloadbalancing\", \"properties\" : { \"detail\" : { \"$ref\" : \"#/components/schemas/AWSAPICallViaCloudTrail\" }, \"detail-type\" : { \"type\" : \"string\" }, \"resources\" : { \"type\" : \"array\", \"items\" : { \"type\" : \"string\" } }, \"id\" : { \"type\" : \"string\" }, \"source\" : { \"type\" : \"string\" }, \"time\" : { \"type\" : \"string\", \"format\" : \"date-time\" }, \"region\" : { \"type\" : \"string\" }, \"version\" : { \"type\" : \"string\" }, \"account\" : { \"type\" : \"string\" } } }, \"AWSAPICallViaCloudTrail\" : { \"type\" : \"object\", \"required\" : [ \"eventID\", \"awsRegion\", \"eventVersion\", \"responseElements\", \"sourceIPAddress\", \"eventSource\", \"requestParameters\", \"userAgent\", \"userIdentity\", \"eventType\", \"apiVersion\", \"requestID\", \"eventTime\", \"eventName\" ], \"properties\" : { \"responseElements\" : { \"$ref\" : \"#/components/schemas/ResponseElements\" }, \"requestParameters\" : { \"$ref\" : \"#/components/schemas/RequestParameters\" }, \"userIdentity\" : { \"$ref\" : \"#/components/schemas/UserIdentity\" }, \"eventID\" : { \"type\" : \"string\" }, \"awsRegion\" : { \"type\" : \"string\" }, \"eventVersion\" : { \"type\" : \"string\" }, \"sourceIPAddress\" : { \"type\" : \"string\" }, \"eventSource\" : { \"type\" : \"string\" }, \"errorMessage\" : { \"type\" : \"string\" }, \"errorCode\" : { \"type\" : \"string\" }, \"userAgent\" : { \"type\" : \"string\" }, \"eventType\" : { \"type\" : \"string\" }, \"apiVersion\" : { \"type\" : \"string\", \"format\" : \"date\" }, \"requestID\" : { \"type\" : \"string\" }, \"eventTime\" : { \"type\" : \"string\", \"format\" : \"date-time\" }, \"eventName\" : { \"type\" : \"string\" } } }, \"ResponseElements\" : { \"type\" : \"object\", \"nullable\" : true, \"properties\" : { \"healthCheck\" : { \"$ref\" : \"#/components/schemas/HealthCheck\" }, \"instances\" : { \"type\" : \"array\", \"items\" : { \"$ref\" : \"#/components/schemas/ResponseElementsItem\" } }, \"dNSName\" : { \"type\" : \"string\", \"nullable\" : true } } }, \"RequestParameters\" : { \"type\" : \"object\", \"properties\" : { \"healthCheck\" : { \"$ref\" : \"#/components/schemas/HealthCheck_1\" }, \"listeners\" : { \"type\" : \"array\", \"items\" : { \"$ref\" : \"#/components/schemas/RequestParametersItem\" } }, \"instances\" : { \"type\" : \"array\", \"items\" : { \"$ref\" : \"#/components/schemas/ResponseElementsItem\" } }, \"loadBalancerName\" : { \"type\" : \"string\" }, \"targetGroupArn\" : { \"type\" : \"string\" }, \"subnets\" : { \"type\" : \"array\", \"items\" : { \"type\" : \"string\", \"nullable\" : true } }, \"targets\" : { \"type\" : \"array\", \"items\" : { \"$ref\" : \"#/components/schemas/RequestParametersItem_1\" } } } }, \"UserIdentity\" : { \"type\" : \"object\", \"required\" : [ \"accessKeyId\", \"accountId\", \"principalId\", \"type\", \"arn\" ], \"properties\" : { \"sessionContext\" : { \"$ref\" : \"#/components/schemas/SessionContext\" }, \"accessKeyId\" : { \"type\" : \"string\" }, \"accountId\" : { \"type\" : \"string\" }, \"principalId\" : { \"type\" : \"string\" }, \"type\" : { \"type\" : \"string\" }, \"arn\" : { \"type\" : \"string\" }, \"invokedBy\" : { \"type\" : \"string\" } } }, \"HealthCheck\" : { \"type\" : \"object\", \"nullable\" : true, \"properties\" : { \"unhealthyThreshold\" : { \"type\" : \"number\", \"nullable\" : true }, \"interval\" : { \"type\" : \"number\", \"nullable\" : true }, \"healthyThreshold\" : { \"type\" : \"number\", \"nullable\" : true }, \"timeout\" : { \"type\" : \"number\", \"nullable\" : true }, \"target\" : { \"type\" : \"string\", \"nullable\" : true } } }, \"ResponseElementsItem\" : { \"type\" : \"object\", \"nullable\" : true, \"required\" : [ \"instanceId\" ], \"properties\" : { \"instanceId\" : { \"type\" : \"string\", \"nullable\" : true } } }, \"HealthCheck_1\" : { \"type\" : \"object\", \"properties\" : { \"unhealthyThreshold\" : { \"type\" : \"number\" }, \"interval\" : { \"type\" : \"number\" }, \"healthyThreshold\" : { \"type\" : \"number\" }, \"timeout\" : { \"type\" : \"number\" }, \"target\" : { \"type\" : \"string\" } } }, \"RequestParametersItem\" : { \"type\" : \"object\", \"nullable\" : true, \"required\" : [ \"instancePort\", \"protocol\", \"loadBalancerPort\" ], \"properties\" : { \"instancePort\" : { \"type\" : \"number\", \"nullable\" : true }, \"protocol\" : { \"type\" : \"string\", \"nullable\" : true }, \"loadBalancerPort\" : { \"type\" : \"number\", \"nullable\" : true } } }, \"RequestParametersItem_1\" : { \"type\" : \"object\", \"nullable\" : true, \"required\" : [ \"id\" ], \"properties\" : { \"id\" : { \"type\" : \"string\", \"nullable\" : true } } }, \"SessionContext\" : { \"type\" : \"object\", \"properties\" : { \"webIdFederationData\" : { \"type\" : \"object\" }, \"sessionIssuer\" : { \"$ref\" : \"#/components/schemas/SessionIssuer\" }, \"attributes\" : { \"$ref\" : \"#/components/schemas/Attributes\" } } }, \"SessionIssuer\" : { \"type\" : \"object\", \"properties\" : { \"accountId\" : { \"type\" : \"string\" }, \"principalId\" : { \"type\" : \"string\" }, \"type\" : { \"type\" : \"string\" }, \"arn\" : { \"type\" : \"string\" }, \"userName\" : { \"type\" : \"string\" } } }, \"Attributes\" : { \"type\" : \"object\", \"properties\" : { \"mfaAuthenticated\" : { \"type\" : \"string\" }, \"creationDate\" : { \"type\" : \"string\", \"format\" : \"date-time\" } } } } } } ",
    "Description": "Schema for event type AWSAPICallViaCloudTrail, published by AWS service aws.elasticloadbalancing",
    "LastModified": "2020-03-27T04:35:19Z",
    "SchemaArn": "",
    "SchemaName": "aws.elasticloadbalancing@AWSAPICallViaCloudTrail",
    "SchemaVersion": "1",
    "Tags": {},
    "Type": "OpenApi3",
    "VersionCreatedDate": "2020-03-27T04:35:19Z"
}
