{
    "Content": "{ \"openapi\" : \"3.0.0\", \"info\" : { \"version\" : \"1.0.0\", \"title\" : \"SageMakerHyperParameterTuningJobStateChange\" }, \"paths\" : { }, \"components\" : { \"schemas\" : { \"AWSEvent\" : { \"type\" : \"object\", \"required\" : [ \"detail-type\", \"resources\", \"id\", \"source\", \"time\", \"detail\", \"region\", \"version\", \"account\" ], \"x-amazon-events-detail-type\" : \"SageMaker HyperParameter Tuning Job State Change\", \"x-amazon-events-source\" : \"aws.sagemaker\", \"properties\" : { \"detail\" : { \"$ref\" : \"#/components/schemas/SageMakerHyperParameterTuningJobStateChange\" }, \"detail-type\" : { \"type\" : \"string\" }, \"resources\" : { \"type\" : \"array\", \"items\" : { \"type\" : \"string\" } }, \"id\" : { \"type\" : \"string\" }, \"source\" : { \"type\" : \"string\" }, \"time\" : { \"type\" : \"string\", \"format\" : \"date-time\" }, \"region\" : { \"type\" : \"string\" }, \"version\" : { \"type\" : \"string\" }, \"account\" : { \"type\" : \"string\" } } }, \"SageMakerHyperParameterTuningJobStateChange\" : { \"type\" : \"object\", \"required\" : [ \"TrainingJobStatusCounters\", \"CreationTime\", \"LastModifiedTime\", \"ObjectiveStatusCounters\", \"HyperParameterTuningJobName\", \"TrainingJobDefinition\", \"HyperParameterTuningJobStatus\", \"HyperParameterTuningJobArn\" ], \"properties\" : { \"TrainingJobStatusCounters\" : { \"$ref\" : \"#/components/schemas/TrainingJobStatusCounters\" }, \"ObjectiveStatusCounters\" : { \"$ref\" : \"#/components/schemas/ObjectiveStatusCounters\" }, \"TrainingJobDefinition\" : { \"$ref\" : \"#/components/schemas/TrainingJobDefinition\" }, \"Tags\" : { \"type\" : \"array\", \"items\" : { \"$ref\" : \"#/components/schemas/Tags\" } }, \"CreationTime\" : { \"type\" : \"string\", \"format\" : \"date-time\" }, \"LastModifiedTime\" : { \"type\" : \"string\", \"format\" : \"date-time\" }, \"HyperParameterTuningJobName\" : { \"type\" : \"string\" }, \"HyperParameterTuningJobStatus\" : { \"type\" : \"string\" }, \"HyperParameterTuningJobArn\" : { \"type\" : \"string\" } } }, \"TrainingJobStatusCounters\" : { \"type\" : \"object\", \"required\" : [ \"RetryableError\", \"Stopped\", \"Completed\", \"InProgress\", \"NonRetryableError\" ], \"properties\" : { \"RetryableError\" : { \"type\" : \"number\" }, \"Stopped\" : { \"type\" : \"number\" }, \"Completed\" : { \"type\" : \"number\" }, \"InProgress\" : { \"type\" : \"number\" }, \"NonRetryableError\" : { \"type\" : \"number\" } } }, \"ObjectiveStatusCounters\" : { \"type\" : \"object\", \"required\" : [ \"Succeeded\", \"Failed\", \"Pending\" ], \"properties\" : { \"Succeeded\" : { \"type\" : \"number\" }, \"Failed\" : { \"type\" : \"number\" }, \"Pending\" : { \"type\" : \"number\" } } }, \"TrainingJobDefinition\" : { \"type\" : \"object\", \"required\" : [ \"AlgorithmSpecification\", \"StoppingCondition\", \"VpcConfig\", \"OutputDataConfig\", \"StaticHyperParameters\", \"ResourceConfig\", \"InputDataConfig\", \"RoleArn\" ], \"properties\" : { \"AlgorithmSpecification\" : { \"$ref\" : \"#/components/schemas/AlgorithmSpecification\" }, \"StoppingCondition\" : { \"$ref\" : \"#/components/schemas/StoppingCondition\" }, \"VpcConfig\" : { \"$ref\" : \"#/components/schemas/VpcConfig\" }, \"OutputDataConfig\" : { \"$ref\" : \"#/components/schemas/OutputDataConfig\" }, \"StaticHyperParameters\" : { \"$ref\" : \"#/components/schemas/Tags\" }, \"ResourceConfig\" : { \"$ref\" : \"#/components/schemas/ResourceConfig\" }, \"InputDataConfig\" : { \"type\" : \"array\", \"items\" : { \"$ref\" : \"#/components/schemas/TrainingJobDefinitionItem\" } }, \"RoleArn\" : { \"type\" : \"string\" } } }, \"AlgorithmSpecification\" : { \"type\" : \"object\", \"required\" : [ \"TrainingInputMode\", \"MetricDefinitions\", \"TrainingImage\" ], \"properties\" : { \"TrainingInputMode\" : { \"type\" : \"string\" }, \"MetricDefinitions\" : { \"type\" : \"array\", \"items\" : { \"$ref\" : \"#/components/schemas/AlgorithmSpecificationItem\" } }, \"TrainingImage\" : { \"type\" : \"string\" } } }, \"StoppingCondition\" : { \"type\" : \"object\", \"required\" : [ \"MaxRuntimeInSeconds\" ], \"properties\" : { \"MaxRuntimeInSeconds\" : { \"type\" : \"number\" } } }, \"VpcConfig\" : { \"type\" : \"object\", \"required\" : [ \"Subnets\", \"SecurityGroupIds\" ], \"properties\" : { \"Subnets\" : { \"type\" : \"array\", \"items\" : { \"type\" : \"string\" } }, \"SecurityGroupIds\" : { \"type\" : \"array\", \"items\" : { \"type\" : \"string\" } } } }, \"OutputDataConfig\" : { \"type\" : \"object\", \"required\" : [ \"KmsKeyId\", \"S3OutputPath\" ], \"properties\" : { \"KmsKeyId\" : { \"type\" : \"string\" }, \"S3OutputPath\" : { \"type\" : \"string\" } } }, \"ResourceConfig\" : { \"type\" : \"object\", \"required\" : [ \"InstanceCount\", \"VolumeSizeInGB\", \"VolumeKmsKeyId\", \"InstanceType\" ], \"properties\" : { \"InstanceCount\" : { \"type\" : \"number\" }, \"VolumeSizeInGB\" : { \"type\" : \"number\" }, \"VolumeKmsKeyId\" : { \"type\" : \"string\" }, \"InstanceType\" : { \"type\" : \"string\" } } }, \"TrainingJobDefinitionItem\" : { \"type\" : \"object\", \"required\" : [ \"ChannelName\", \"ContentType\", \"RecordWrapperType\", \"CompressionType\", \"DataSource\" ], \"properties\" : { \"DataSource\" : { \"$ref\" : \"#/components/schemas/DataSource\" }, \"ChannelName\" : { \"type\" : \"string\" }, \"ContentType\" : { \"type\" : \"string\" }, \"RecordWrapperType\" : { \"type\" : \"string\" }, \"CompressionType\" : { \"type\" : \"string\" } } }, \"AlgorithmSpecificationItem\" : { \"type\" : \"object\", \"required\" : [ \"Regex\", \"Name\" ], \"properties\" : { \"Regex\" : { \"type\" : \"string\" }, \"Name\" : { \"type\" : \"string\" } } }, \"DataSource\" : { \"type\" : \"object\", \"required\" : [ \"S3DataSource\" ], \"properties\" : { \"S3DataSource\" : { \"$ref\" : \"#/components/schemas/S3DataSource\" } } }, \"S3DataSource\" : { \"type\" : \"object\", \"required\" : [ \"S3DataDistributionType\", \"S3Uri\", \"S3DataType\" ], \"properties\" : { \"S3DataDistributionType\" : { \"type\" : \"string\" }, \"S3Uri\" : { \"type\" : \"string\" }, \"S3DataType\" : { \"type\" : \"string\" } } }, \"Tags\" : { \"type\" : \"object\", \"required\" : [ \"Value\", \"Key\" ], \"properties\" : { \"Key\" : { \"type\" : \"string\" }, \"Value\" : { \"type\" : \"string\" } } } } } } ",
    "Description": "Schema for event type SageMakerHyperParameterTuningJobStateChange, published by AWS service aws.sagemaker",
    "LastModified": "2020-03-27T04:35:12Z",
    "SchemaArn": "",
    "SchemaName": "aws.sagemaker@SageMakerHyperParameterTuningJobStateChange",
    "SchemaVersion": "1",
    "Tags": {},
    "Type": "OpenApi3",
    "VersionCreatedDate": "2020-03-27T04:35:12Z"
}
