{
    "Content": "{ \"openapi\" : \"3.0.0\", \"info\" : { \"version\" : \"1.0.0\", \"title\" : \"SageMakerEndpointConfigStateChange\" }, \"paths\" : { }, \"components\" : { \"schemas\" : { \"AWSEvent\" : { \"type\" : \"object\", \"required\" : [ \"detail-type\", \"resources\", \"id\", \"source\", \"time\", \"detail\", \"region\", \"version\", \"account\" ], \"x-amazon-events-detail-type\" : \"SageMaker Endpoint Config State Change\", \"x-amazon-events-source\" : \"aws.sagemaker\", \"properties\" : { \"detail\" : { \"$ref\" : \"#/components/schemas/SageMakerEndpointConfigStateChange\" }, \"detail-type\" : { \"type\" : \"string\" }, \"resources\" : { \"type\" : \"array\", \"items\" : { \"type\" : \"string\" } }, \"id\" : { \"type\" : \"string\" }, \"source\" : { \"type\" : \"string\" }, \"time\" : { \"type\" : \"string\", \"format\" : \"date-time\" }, \"region\" : { \"type\" : \"string\" }, \"version\" : { \"type\" : \"string\" }, \"account\" : { \"type\" : \"string\" } } }, \"SageMakerEndpointConfigStateChange\" : { \"type\" : \"object\", \"required\" : [ \"ProductionVariants\", \"EndpointConfigName\", \"CreationTime\", \"EndpointConfigArn\" ], \"properties\" : { \"Tags\" : { \"type\" : \"array\", \"items\" : { \"$ref\" : \"#/components/schemas/Tags\" } }, \"ProductionVariants\" : { \"type\" : \"array\", \"items\" : { \"$ref\" : \"#/components/schemas/SageMakerEndpointConfigStateChangeItem\" } }, \"EndpointConfigName\" : { \"type\" : \"string\" }, \"CreationTime\" : { \"type\" : \"number\", \"format\" : \"double\" }, \"EndpointConfigArn\" : { \"type\" : \"string\" } } }, \"SageMakerEndpointConfigStateChangeItem\" : { \"type\" : \"object\", \"required\" : [ \"ModelName\", \"VariantName\", \"InitialInstanceCount\", \"InstanceType\", \"InitialVariantWeight\" ], \"properties\" : { \"ModelName\" : { \"type\" : \"string\" }, \"VariantName\" : { \"type\" : \"string\" }, \"InitialInstanceCount\" : { \"type\" : \"number\", \"format\" : \"double\" }, \"InstanceType\" : { \"type\" : \"string\" }, \"InitialVariantWeight\" : { \"type\" : \"number\", \"format\" : \"double\" } } }, \"Tags\" : { \"type\" : \"object\", \"required\" : [ \"Value\", \"Key\" ], \"properties\" : { \"Key\" : { \"type\" : \"string\" }, \"Value\" : { \"type\" : \"string\" } } } } } } ",
    "Description": "Schema for event type SageMakerEndpointConfigStateChange, published by AWS service aws.sagemaker",
    "LastModified": "2020-03-27T04:35:20Z",
    "SchemaArn": "",
    "SchemaName": "aws.sagemaker@SageMakerEndpointConfigStateChange",
    "SchemaVersion": "1",
    "Tags": {},
    "Type": "OpenApi3",
    "VersionCreatedDate": "2020-03-27T04:35:20Z"
}
