{
    "Content": "{ \"openapi\" : \"3.0.0\", \"info\" : { \"version\" : \"1.0.0\", \"title\" : \"AWSAPICallViaCloudTrail\" }, \"paths\" : { }, \"components\" : { \"schemas\" : { \"AWSEvent\" : { \"type\" : \"object\", \"required\" : [ \"detail-type\", \"resources\", \"id\", \"source\", \"time\", \"detail\", \"region\", \"version\", \"account\" ], \"x-amazon-events-detail-type\" : \"AWS API Call via CloudTrail\", \"x-amazon-events-source\" : \"aws.ec2\", \"properties\" : { \"detail\" : { \"$ref\" : \"#/components/schemas/AWSAPICallViaCloudTrail\" }, \"detail-type\" : { \"type\" : \"string\" }, \"resources\" : { \"type\" : \"array\", \"items\" : { \"type\" : \"string\" } }, \"id\" : { \"type\" : \"string\" }, \"source\" : { \"type\" : \"string\" }, \"time\" : { \"type\" : \"string\", \"format\" : \"date-time\" }, \"region\" : { \"type\" : \"string\" }, \"version\" : { \"type\" : \"string\" }, \"account\" : { \"type\" : \"string\" } } }, \"AWSAPICallViaCloudTrail\" : { \"type\" : \"object\", \"required\" : [ \"eventID\", \"awsRegion\", \"eventVersion\", \"responseElements\", \"sourceIPAddress\", \"eventSource\", \"requestParameters\", \"userAgent\", \"userIdentity\", \"eventType\", \"requestID\", \"eventTime\", \"eventName\" ], \"properties\" : { \"responseElements\" : { \"$ref\" : \"#/components/schemas/ResponseElements\" }, \"requestParameters\" : { \"$ref\" : \"#/components/schemas/RequestParameters\" }, \"userIdentity\" : { \"$ref\" : \"#/components/schemas/UserIdentity\" }, \"eventID\" : { \"type\" : \"string\" }, \"awsRegion\" : { \"type\" : \"string\" }, \"eventVersion\" : { \"type\" : \"string\" }, \"sourceIPAddress\" : { \"type\" : \"string\" }, \"eventSource\" : { \"type\" : \"string\" }, \"errorMessage\" : { \"type\" : \"string\" }, \"errorCode\" : { \"type\" : \"string\" }, \"userAgent\" : { \"type\" : \"string\" }, \"eventType\" : { \"type\" : \"string\" }, \"requestID\" : { \"type\" : \"string\" }, \"eventTime\" : { \"type\" : \"string\", \"format\" : \"date-time\" }, \"eventName\" : { \"type\" : \"string\" } } }, \"ResponseElements\" : { \"type\" : \"object\", \"nullable\" : true, \"properties\" : { \"instancesSet\" : { \"$ref\" : \"#/components/schemas/InstancesSet\" }, \"CreateFleetResponse\" : { \"$ref\" : \"#/components/schemas/CreateFleetResponse\" }, \"DeleteLaunchTemplateResponse\" : { \"$ref\" : \"#/components/schemas/DeleteLaunchTemplateResponse\" }, \"networkInterface\" : { \"$ref\" : \"#/components/schemas/NetworkInterface\" }, \"CreateLaunchTemplateResponse\" : { \"$ref\" : \"#/components/schemas/DeleteLaunchTemplateResponse\" }, \"groupSet\" : { \"type\" : \"object\" }, \"_return\" : { \"type\" : \"boolean\", \"nullable\" : true }, \"requesterId\" : { \"type\" : \"string\", \"nullable\" : true }, \"reservationId\" : { \"type\" : \"string\", \"nullable\" : true }, \"requestId\" : { \"type\" : \"string\", \"nullable\" : true }, \"groupId\" : { \"type\" : \"string\", \"nullable\" : true }, \"ownerId\" : { \"type\" : \"string\", \"nullable\" : true } } }, \"RequestParameters\" : { \"type\" : \"object\", \"properties\" : { \"CreateLaunchTemplateRequest\" : { \"$ref\" : \"#/components/schemas/CreateLaunchTemplateRequest\" }, \"groupSet\" : { \"$ref\" : \"#/components/schemas/GroupSet_1\" }, \"instancesSet\" : { \"$ref\" : \"#/components/schemas/InstancesSet_1\" }, \"CreateFleetRequest\" : { \"$ref\" : \"#/components/schemas/CreateFleetRequest\" }, \"DeleteLaunchTemplateRequest\" : { \"$ref\" : \"#/components/schemas/DeleteLaunchTemplateRequest\" }, \"privateIpAddressesSet\" : { \"type\" : \"object\" }, \"networkInterfaceSet\" : { \"$ref\" : \"#/components/schemas/NetworkInterfaceSet\" }, \"blockDeviceMapping\" : { \"type\" : \"object\" }, \"tagSpecificationSet\" : { \"$ref\" : \"#/components/schemas/TagSpecificationSet\" }, \"monitoring\" : { \"$ref\" : \"#/components/schemas/Monitoring\" }, \"instanceMarketOptions\" : { \"$ref\" : \"#/components/schemas/InstanceMarketOptions\" }, \"launchTemplate\" : { \"$ref\" : \"#/components/schemas/LaunchTemplate\" }, \"subnetId\" : { \"type\" : \"string\" }, \"userData\" : { \"type\" : \"string\" }, \"groupId\" : { \"type\" : \"string\" }, \"description\" : { \"type\" : \"string\" }, \"availabilityZone\" : { \"type\" : \"string\" }, \"vpcId\" : { \"type\" : \"string\" }, \"networkInterfaceId\" : { \"type\" : \"string\" }, \"clientToken\" : { \"type\" : \"string\" }, \"instanceType\" : { \"type\" : \"string\" }, \"ipv6AddressCount\" : { \"type\" : \"number\" }, \"groupName\" : { \"type\" : \"string\" }, \"disableApiTermination\" : { \"type\" : \"boolean\" }, \"groupDescription\" : { \"type\" : \"string\" } } }, \"UserIdentity\" : { \"type\" : \"object\", \"required\" : [ \"accountId\", \"principalId\", \"type\", \"arn\" ], \"properties\" : { \"sessionContext\" : { \"$ref\" : \"#/components/schemas/SessionContext\" }, \"accessKeyId\" : { \"type\" : \"string\" }, \"accountId\" : { \"type\" : \"string\" }, \"principalId\" : { \"type\" : \"string\" }, \"type\" : { \"type\" : \"string\" }, \"arn\" : { \"type\" : \"string\" }, \"invokedBy\" : { \"type\" : \"string\" } } }, \"InstancesSet\" : { \"type\" : \"object\", \"nullable\" : true, \"properties\" : { \"items\" : { \"type\" : \"array\", \"items\" : { \"$ref\" : \"#/components/schemas/InstancesSetItem\" } } } }, \"CreateFleetResponse\" : { \"type\" : \"object\", \"nullable\" : true, \"properties\" : { \"fleetInstanceSet\" : { \"type\" : \"object\" }, \"xmlns\" : { \"type\" : \"string\", \"nullable\" : true }, \"requestId\" : { \"type\" : \"string\", \"nullable\" : true }, \"fleetId\" : { \"type\" : \"string\", \"nullable\" : true }, \"errorSet\" : { \"type\" : \"object\" } } }, \"DeleteLaunchTemplateResponse\" : { \"type\" : \"object\", \"nullable\" : true, \"properties\" : { \"launchTemplate\" : { \"$ref\" : \"#/components/schemas/LaunchTemplate_1\" }, \"xmlns\" : { \"type\" : \"string\", \"nullable\" : true }, \"requestId\" : { \"type\" : \"string\", \"nullable\" : true } } }, \"NetworkInterface\" : { \"type\" : \"object\", \"nullable\" : true, \"properties\" : { \"groupSet\" : { \"$ref\" : \"#/components/schemas/GroupSet_2\" }, \"tagSet\" : { \"type\" : \"object\" }, \"ipv6AddressesSet\" : { \"type\" : \"object\" }, \"privateIpAddressesSet\" : { \"$ref\" : \"#/components/schemas/PrivateIpAddressesSet_1\" }, \"networkInterfaceId\" : { \"type\" : \"string\", \"nullable\" : true }, \"subnetId\" : { \"type\" : \"string\", \"nullable\" : true }, \"requesterId\" : { \"type\" : \"string\", \"nullable\" : true }, \"description\" : { \"type\" : \"string\", \"nullable\" : true }, \"ownerId\" : { \"type\" : \"string\", \"nullable\" : true }, \"sourceDestCheck\" : { \"type\" : \"boolean\", \"nullable\" : true }, \"availabilityZone\" : { \"type\" : \"string\", \"nullable\" : true }, \"requesterManaged\" : { \"type\" : \"boolean\", \"nullable\" : true }, \"privateIpAddress\" : { \"type\" : \"string\", \"nullable\" : true }, \"interfaceType\" : { \"type\" : \"string\", \"nullable\" : true }, \"macAddress\" : { \"type\" : \"string\", \"nullable\" : true }, \"vpcId\" : { \"type\" : \"string\", \"nullable\" : true }, \"status\" : { \"type\" : \"string\", \"nullable\" : true } } }, \"CreateLaunchTemplateRequest\" : { \"type\" : \"object\", \"properties\" : { \"LaunchTemplateData\" : { \"$ref\" : \"#/components/schemas/LaunchTemplateData\" }, \"LaunchTemplateName\" : { \"type\" : \"string\" } } }, \"GroupSet_1\" : { \"type\" : \"object\", \"properties\" : { \"items\" : { \"type\" : \"array\", \"items\" : { \"$ref\" : \"#/components/schemas/GroupSet_1Item\" } } } }, \"InstancesSet_1\" : { \"type\" : \"object\", \"properties\" : { \"items\" : { \"type\" : \"array\", \"items\" : { \"$ref\" : \"#/components/schemas/InstancesSet_1Item\" } } } }, \"CreateFleetRequest\" : { \"type\" : \"object\", \"properties\" : { \"TargetCapacitySpecification\" : { \"$ref\" : \"#/components/schemas/TargetCapacitySpecification\" }, \"OnDemandOptions\" : { \"$ref\" : \"#/components/schemas/OnDemandOptions\" }, \"SpotOptions\" : { \"$ref\" : \"#/components/schemas/SpotOptions\" }, \"ExistingInstances\" : { \"$ref\" : \"#/components/schemas/ExistingInstances\" }, \"LaunchTemplateConfigs\" : { \"$ref\" : \"#/components/schemas/LaunchTemplateConfigs\" }, \"TagSpecification\" : { \"$ref\" : \"#/components/schemas/TagSpecification\" }, \"Type\" : { \"type\" : \"string\" }, \"ClientToken\" : { \"type\" : \"string\" } } }, \"DeleteLaunchTemplateRequest\" : { \"type\" : \"object\", \"properties\" : { \"LaunchTemplateName\" : { \"type\" : \"string\" } } }, \"NetworkInterfaceSet\" : { \"type\" : \"object\", \"properties\" : { \"items\" : { \"type\" : \"array\", \"items\" : { \"$ref\" : \"#/components/schemas/NetworkInterfaceSetItem\" } } } }, \"TagSpecificationSet\" : { \"type\" : \"object\", \"properties\" : { \"items\" : { \"type\" : \"array\", \"items\" : { \"$ref\" : \"#/components/schemas/TagSpecificationSetItem\" } } } }, \"Monitoring\" : { \"type\" : \"object\", \"properties\" : { \"enabled\" : { \"type\" : \"boolean\" } } }, \"InstanceMarketOptions\" : { \"type\" : \"object\", \"properties\" : { \"spotOptions\" : { \"$ref\" : \"#/components/schemas/SpotOptions_1\" }, \"marketType\" : { \"type\" : \"string\" } } }, \"LaunchTemplate\" : { \"type\" : \"object\", \"properties\" : { \"launchTemplateId\" : { \"type\" : \"string\" }, \"version\" : { \"type\" : \"string\" } } }, \"SessionContext\" : { \"type\" : \"object\", \"properties\" : { \"webIdFederationData\" : { \"type\" : \"object\" }, \"sessionIssuer\" : { \"$ref\" : \"#/components/schemas/SessionIssuer\" }, \"attributes\" : { \"$ref\" : \"#/components/schemas/Attributes\" } } }, \"InstancesSetItem\" : { \"type\" : \"object\", \"nullable\" : true, \"required\" : [ \"instanceId\" ], \"properties\" : { \"capacityReservationSpecification\" : { \"$ref\" : \"#/components/schemas/CapacityReservationSpecification\" }, \"stateReason\" : { \"$ref\" : \"#/components/schemas/StateReason\" }, \"groupSet\" : { \"$ref\" : \"#/components/schemas/GroupSet_2\" }, \"tagSet\" : { \"$ref\" : \"#/components/schemas/TagSet\" }, \"instanceState\" : { \"$ref\" : \"#/components/schemas/InstanceState\" }, \"productCodes\" : { \"type\": \"object\" }, \"networkInterfaceSet\" : { \"$ref\" : \"#/components/schemas/NetworkInterfaceSet_1\" }, \"blockDeviceMapping\" : { \"type\" : \"object\" }, \"cpuOptions\" : { \"$ref\" : \"#/components/schemas/CpuOptions\" }, \"monitoring\" : { \"$ref\" : \"#/components/schemas/Monitoring_1\" }, \"previousState\" : { \"$ref\" : \"#/components/schemas/InstanceState\" }, \"enclaveOptions\" : { \"$ref\" : \"#/components/schemas/EnclaveOptions\" }, \"placement\" : { \"$ref\" : \"#/components/schemas/Placement\" }, \"currentState\" : { \"$ref\" : \"#/components/schemas/InstanceState\" }, \"subnetId\" : { \"type\" : \"string\", \"nullable\" : true }, \"virtualizationType\" : { \"type\" : \"string\", \"nullable\" : true }, \"amiLaunchIndex\" : { \"type\" : \"number\", \"nullable\" : true }, \"sourceDestCheck\" : { \"type\" : \"boolean\", \"nullable\" : true }, \"instanceId\" : { \"type\" : \"string\", \"nullable\" : true }, \"vpcId\" : { \"type\" : \"string\", \"nullable\" : true }, \"hypervisor\" : { \"type\" : \"string\", \"nullable\" : true }, \"rootDeviceName\" : { \"type\" : \"string\", \"nullable\" : true }, \"architecture\" : { \"type\" : \"string\", \"nullable\" : true }, \"ebsOptimized\" : { \"type\" : \"boolean\", \"nullable\" : true }, \"imageId\" : { \"type\" : \"string\", \"nullable\" : true }, \"clientToken\" : { \"type\" : \"string\", \"nullable\" : true }, \"instanceType\" : { \"type\" : \"string\", \"nullable\" : true }, \"privateIpAddress\" : { \"type\" : \"string\", \"nullable\" : true }, \"instanceLifecycle\" : { \"type\" : \"string\", \"nullable\" : true }, \"rootDeviceType\" : { \"type\" : \"string\", \"nullable\" : true }, \"launchTime\" : { \"type\" : \"integer\", \"format\" : \"int64\", \"nullable\" : true }, \"spotInstanceRequestId\" : { \"type\" : \"string\", \"nullable\" : true } } }, \"LaunchTemplate_1\" : { \"type\" : \"object\", \"nullable\" : true, \"properties\" : { \"createTime\" : { \"type\" : \"string\", \"format\" : \"date-time\", \"nullable\" : true }, \"createdBy\" : { \"type\" : \"string\", \"nullable\" : true }, \"launchTemplateId\" : { \"type\" : \"string\", \"nullable\" : true }, \"latestVersionNumber\" : { \"type\" : \"number\", \"nullable\" : true }, \"defaultVersionNumber\" : { \"type\" : \"number\", \"nullable\" : true }, \"launchTemplateName\" : { \"type\" : \"string\", \"nullable\" : true } } }, \"GroupSet_2\" : { \"type\" : \"object\", \"nullable\" : true, \"properties\" : { \"items\" : { \"type\" : \"array\", \"items\" : { \"$ref\" : \"#/components/schemas/GroupSet_2Item\" } } } }, \"PrivateIpAddressesSet_1\" : { \"type\" : \"object\", \"nullable\" : true, \"properties\" : { \"item\" : { \"type\" : \"array\", \"items\" : { \"$ref\" : \"#/components/schemas/PrivateIpAddressesSet_1Item\" } } } }, \"LaunchTemplateData\" : { \"type\" : \"object\", \"properties\" : { \"InstanceMarketOptions\" : { \"$ref\" : \"#/components/schemas/InstanceMarketOptions_1\" }, \"NetworkInterface\" : { \"$ref\" : \"#/components/schemas/NetworkInterface_1\" }, \"UserData\" : { \"type\" : \"string\" }, \"ImageId\" : { \"type\" : \"string\" }, \"InstanceType\" : { \"type\" : \"string\" } } }, \"GroupSet_1Item\" : { \"type\" : \"object\", \"nullable\" : true, \"required\" : [ \"groupId\" ], \"properties\" : { \"groupId\" : { \"type\" : \"string\", \"nullable\" : true } } }, \"InstancesSet_1Item\" : { \"type\" : \"object\", \"nullable\" : true, \"properties\" : { \"instanceId\" : { \"type\" : \"string\", \"nullable\" : true }, \"imageId\" : { \"type\" : \"string\", \"nullable\" : true }, \"minCount\" : { \"type\" : \"number\", \"nullable\" : true }, \"maxCount\" : { \"type\" : \"number\", \"nullable\" : true } } }, \"TargetCapacitySpecification\" : { \"type\" : \"object\", \"properties\" : { \"DefaultTargetCapacityType\" : { \"type\" : \"string\" }, \"TotalTargetCapacity\" : { \"type\" : \"number\" }, \"OnDemandTargetCapacity\" : { \"type\" : \"number\" }, \"SpotTargetCapacity\" : { \"type\" : \"number\" } } }, \"OnDemandOptions\" : { \"type\" : \"object\", \"properties\" : { \"AllocationStrategy\" : { \"type\" : \"string\" }, \"MaxTargetCapacity\" : { \"type\" : \"number\" }, \"MaxInstanceCount\" : { \"type\" : \"number\" }, \"InstancePoolConstraintFilterDisabled\" : { \"type\" : \"boolean\" } } }, \"SpotOptions\" : { \"type\" : \"object\", \"properties\" : { \"AllocationStrategy\" : { \"type\" : \"string\" }, \"MaxTargetCapacity\" : { \"type\" : \"number\" }, \"MaxInstanceCount\" : { \"type\" : \"number\" }, \"InstancePoolsToUseCount\" : { \"type\" : \"number\" }, \"InstancePoolConstraintFilterDisabled\" : { \"type\" : \"boolean\" } } }, \"ExistingInstances\" : { \"type\" : \"object\", \"properties\" : { \"OperatingSystem\" : { \"type\" : \"string\" }, \"AvailabilityZone\" : { \"type\" : \"string\" }, \"tag\" : { \"type\" : \"number\" }, \"Count\" : { \"type\" : \"number\" }, \"InstanceType\" : { \"type\" : \"string\" }, \"MarketOption\" : { \"type\" : \"string\" } } }, \"LaunchTemplateConfigs\" : { \"type\" : \"object\", \"properties\" : { \"LaunchTemplateSpecification\" : { \"$ref\" : \"#/components/schemas/LaunchTemplateSpecification\" }, \"Overrides\" : { \"type\" : \"array\", \"items\" : { \"type\" : \"object\" } }, \"tag\" : { \"type\" : \"number\" } } }, \"TagSpecification\" : { \"type\" : \"object\", \"properties\" : { \"Tag\" : { \"$ref\" : \"#/components/schemas/Tag\" }, \"ResourceType\" : { \"type\" : \"string\" } } }, \"NetworkInterfaceSetItem\" : { \"type\" : \"object\", \"nullable\" : true, \"required\" : [ \"subnetId\", \"deviceIndex\" ], \"properties\" : { \"subnetId\" : { \"type\" : \"string\", \"nullable\" : true }, \"deviceIndex\" : { \"type\" : \"number\", \"nullable\" : true } } }, \"TagSpecificationSetItem\" : { \"type\" : \"object\", \"nullable\" : true, \"required\" : [ \"resourceType\", \"tags\" ], \"properties\" : { \"resourceType\" : { \"type\" : \"string\", \"nullable\" : true }, \"tags\" : { \"type\" : \"array\", \"items\" : { \"$ref\" : \"#/components/schemas/TagSpecificationSetItemItem\" } } } }, \"SpotOptions_1\" : { \"type\" : \"object\", \"properties\" : { \"spotInstanceType\" : { \"type\" : \"string\" }, \"maxPrice\" : { \"type\" : \"string\" } } }, \"SessionIssuer\" : { \"type\" : \"object\", \"properties\" : { \"accountId\" : { \"type\" : \"string\" }, \"principalId\" : { \"type\" : \"string\" }, \"type\" : { \"type\" : \"string\" }, \"arn\" : { \"type\" : \"string\" }, \"userName\" : { \"type\" : \"string\" } } }, \"Attributes\" : { \"type\" : \"object\", \"properties\" : { \"mfaAuthenticated\" : { \"type\" : \"string\" }, \"creationDate\" : { \"type\" : \"string\", \"format\" : \"date-time\" } } }, \"CapacityReservationSpecification\" : { \"type\" : \"object\", \"nullable\" : true, \"properties\" : { \"capacityReservationPreference\" : { \"type\" : \"string\", \"nullable\" : true } } }, \"StateReason\" : { \"type\" : \"object\", \"nullable\" : true, \"properties\" : { \"code\" : { \"type\" : \"string\", \"nullable\" : true }, \"message\" : { \"type\" : \"string\", \"nullable\" : true } } }, \"TagSet\" : { \"type\" : \"object\", \"nullable\" : true, \"properties\" : { \"items\" : { \"type\" : \"array\", \"items\" : { \"$ref\" : \"#/components/schemas/TagSpecificationSetItemItem\" } } } }, \"InstanceState\" : { \"type\" : \"object\", \"nullable\" : true, \"properties\" : { \"code\" : { \"type\" : \"number\", \"nullable\" : true }, \"name\" : { \"type\" : \"string\", \"nullable\" : true } } }, \"NetworkInterfaceSet_1\" : { \"type\" : \"object\", \"nullable\" : true, \"properties\" : { \"items\" : { \"type\" : \"array\", \"items\" : { \"$ref\" : \"#/components/schemas/NetworkInterfaceSet_1Item\" } } } }, \"CpuOptions\" : { \"type\" : \"object\", \"nullable\" : true, \"properties\" : { \"threadsPerCore\" : { \"type\" : \"number\", \"nullable\" : true }, \"coreCount\" : { \"type\" : \"number\", \"nullable\" : true } } }, \"Monitoring_1\" : { \"type\" : \"object\", \"nullable\" : true, \"properties\" : { \"state\" : { \"type\" : \"string\", \"nullable\" : true } } }, \"EnclaveOptions\" : { \"type\" : \"object\", \"nullable\" : true, \"properties\" : { \"enabled\" : { \"type\" : \"boolean\", \"nullable\" : true } } }, \"Placement\" : { \"type\" : \"object\", \"nullable\" : true, \"properties\" : { \"tenancy\" : { \"type\" : \"string\", \"nullable\" : true }, \"availabilityZone\" : { \"type\" : \"string\", \"nullable\" : true } } }, \"GroupSet_2Item\" : { \"type\" : \"object\", \"nullable\" : true, \"required\" : [ \"groupName\", \"groupId\" ], \"properties\" : { \"groupName\" : { \"type\" : \"string\", \"nullable\" : true }, \"groupId\" : { \"type\" : \"string\", \"nullable\" : true } } }, \"PrivateIpAddressesSet_1Item\" : { \"type\" : \"object\", \"nullable\" : true, \"required\" : [ \"privateIpAddress\", \"primary\" ], \"properties\" : { \"privateIpAddress\" : { \"type\" : \"string\", \"nullable\" : true }, \"primary\" : { \"type\" : \"boolean\", \"nullable\" : true } } }, \"InstanceMarketOptions_1\" : { \"type\" : \"object\", \"properties\" : { \"SpotOptions\" : { \"$ref\" : \"#/components/schemas/SpotOptions_2\" }, \"MarketType\" : { \"type\" : \"string\" } } }, \"NetworkInterface_1\" : { \"type\" : \"object\", \"properties\" : { \"SecurityGroupId\" : { \"$ref\" : \"#/components/schemas/SecurityGroupId\" }, \"DeviceIndex\" : { \"type\" : \"number\" }, \"tag\" : { \"type\" : \"number\" }, \"SubnetId\" : { \"type\" : \"string\" } } }, \"LaunchTemplateSpecification\" : { \"type\" : \"object\", \"properties\" : { \"Version\" : { \"type\" : \"number\" }, \"LaunchTemplateId\" : { \"type\" : \"string\" } } }, \"Tag\" : { \"type\" : \"object\", \"properties\" : { \"Value\" : { \"type\" : \"string\" }, \"tag\" : { \"type\" : \"number\" }, \"Key\" : { \"type\" : \"string\" } } }, \"TagSpecificationSetItemItem\" : { \"type\" : \"object\", \"nullable\" : true, \"properties\" : { \"value\" : { \"type\" : \"string\", \"nullable\" : true }, \"key\" : { \"type\" : \"string\", \"nullable\" : true } } }, \"NetworkInterfaceSet_1Item\" : { \"type\" : \"object\", \"nullable\" : true, \"required\" : [ \"networkInterfaceId\", \"subnetId\", \"ownerId\", \"sourceDestCheck\", \"groupSet\", \"privateIpAddress\", \"interfaceType\", \"tagSet\", \"macAddress\", \"attachment\", \"vpcId\", \"ipv6AddressesSet\", \"privateIpAddressesSet\", \"status\" ], \"properties\" : { \"groupSet\" : { \"$ref\" : \"#/components/schemas/GroupSet_3\" }, \"tagSet\" : { \"type\" : \"object\" }, \"attachment\" : { \"$ref\" : \"#/components/schemas/Attachment\" }, \"ipv6AddressesSet\" : { \"type\" : \"object\" }, \"privateIpAddressesSet\" : { \"$ref\" : \"#/components/schemas/PrivateIpAddressesSet_2\" }, \"networkInterfaceId\" : { \"type\" : \"string\", \"nullable\" : true }, \"subnetId\" : { \"type\" : \"string\", \"nullable\" : true }, \"ownerId\" : { \"type\" : \"string\", \"nullable\" : true }, \"sourceDestCheck\" : { \"type\" : \"boolean\", \"nullable\" : true }, \"privateIpAddress\" : { \"type\" : \"string\", \"nullable\" : true }, \"interfaceType\" : { \"type\" : \"string\", \"nullable\" : true }, \"macAddress\" : { \"type\" : \"string\", \"nullable\" : true }, \"vpcId\" : { \"type\" : \"string\", \"nullable\" : true }, \"status\" : { \"type\" : \"string\", \"nullable\" : true } } }, \"SpotOptions_2\" : { \"type\" : \"object\", \"properties\" : { \"SpotInstanceType\" : { \"type\" : \"string\" }, \"MaxPrice\" : { \"type\" : \"number\", \"format\" : \"double\" } } }, \"SecurityGroupId\" : { \"type\" : \"object\", \"properties\" : { \"tag\" : { \"type\" : \"number\" }, \"content\" : { \"type\" : \"string\" } } }, \"GroupSet_3\" : { \"type\" : \"object\", \"nullable\" : true, \"required\" : [ \"items\" ], \"properties\" : { \"items\" : { \"type\" : \"array\", \"items\" : { \"$ref\" : \"#/components/schemas/GroupSet_2Item\" } } } }, \"Attachment\" : { \"type\" : \"object\", \"nullable\" : true, \"required\" : [ \"attachmentId\", \"deleteOnTermination\", \"deviceIndex\", \"attachTime\", \"status\" ], \"properties\" : { \"attachmentId\" : { \"type\" : \"string\", \"nullable\" : true }, \"deleteOnTermination\" : { \"type\" : \"boolean\", \"nullable\" : true }, \"deviceIndex\" : { \"type\" : \"number\", \"nullable\" : true }, \"attachTime\" : { \"type\" : \"integer\", \"format\" : \"int64\", \"nullable\" : true }, \"status\" : { \"type\" : \"string\", \"nullable\" : true } } }, \"PrivateIpAddressesSet_2\" : { \"type\" : \"object\", \"nullable\" : true, \"required\" : [ \"item\" ], \"properties\" : { \"item\" : { \"type\" : \"array\", \"items\" : { \"$ref\" : \"#/components/schemas/PrivateIpAddressesSet_1Item\" } } } } } } } ",
    "Description": "Schema for event type AWSAPICallViaCloudTrail, published by AWS service aws.ec2",
    "LastModified": "2020-03-27T04:35:13Z",
    "SchemaArn": "",
    "SchemaName": "aws.ec2@AWSAPICallViaCloudTrail",
    "SchemaVersion": "1",
    "Tags": {},
    "Type": "OpenApi3",
    "VersionCreatedDate": "2020-03-27T04:35:13Z"
}
