{
    "Content": "{ \"openapi\" : \"3.0.0\", \"info\" : { \"version\" : \"1.0.0\", \"title\" : \"ECSServiceAction\" }, \"paths\" : { }, \"components\" : { \"schemas\" : { \"AWSEvent\" : { \"type\" : \"object\", \"required\" : [ \"detail-type\", \"resources\", \"detail\", \"id\", \"source\", \"time\", \"region\", \"version\", \"account\" ], \"x-amazon-events-detail-type\" : \"ECS Service Action\", \"x-amazon-events-source\" : \"aws.ecs\", \"properties\" : { \"detail\" : { \"$ref\" : \"#/components/schemas/ECSServiceAction\" }, \"account\" : { \"type\" : \"string\" }, \"detail-type\" : { \"type\" : \"string\" }, \"id\" : { \"type\" : \"string\" }, \"region\" : { \"type\" : \"string\" }, \"resources\" : { \"type\" : \"array\", \"items\" : { \"type\" : \"string\" } }, \"source\" : { \"type\" : \"string\" }, \"time\" : { \"type\" : \"string\", \"format\" : \"date-time\" }, \"version\" : { \"type\" : \"string\" } } }, \"ECSServiceAction\" : { \"type\" : \"object\", \"required\" : [ \"clusterArn\", \"eventName\", \"eventType\" ], \"properties\" : { \"capacityProviderArns\" : { \"type\" : \"array\", \"items\" : { \"type\" : \"string\" } }, \"clusterArn\" : { \"type\" : \"string\" }, \"createdAt\" : { \"type\" : \"string\", \"format\" : \"date-time\" }, \"eventName\" : { \"type\" : \"string\" }, \"eventType\" : { \"type\" : \"string\" }, \"reason\" : { \"type\" : \"string\" }, \"desiredCount\" : { \"type\" : \"number\" }, \"containerPort\" : { \"type\" : \"number\" }, \"taskArns\" : { \"type\" : \"array\", \"items\" : { \"type\" : \"string\" } }, \"taskSetArns\" : { \"type\" : \"array\", \"items\" : { \"type\" : \"string\" } }, \"containerInstanceArns\" : { \"type\" : \"array\", \"items\" : { \"type\" : \"string\" } }, \"ec2InstanceIds\" : { \"type\" : \"array\", \"items\" : { \"type\" : \"string\" } }, \"targetGroupArns\" : { \"type\" : \"array\", \"items\" : { \"type\" : \"string\" } }, \"serviceRegistryArns\" : { \"type\" : \"array\", \"items\" : { \"type\" : \"string\" } }, \"targets\" : { \"type\" : \"array\", \"items\" : { \"type\" : \"string\" } } } } } } } ",
    "Description": "Schema for event type ECSServiceAction, published by AWS service aws.ecs",
    "LastModified": "2020-03-27T04:35:20Z",
    "SchemaArn": "",
    "SchemaName": "aws.ecs@ECSServiceAction",
    "SchemaVersion": "1",
    "Tags": {},
    "Type": "OpenApi3",
    "VersionCreatedDate": "2020-03-27T04:35:20Z"
}
