{
    "Content": "{ \"openapi\" : \"3.0.0\", \"info\" : { \"version\" : \"1.0.0\", \"title\" : \"AWSServiceEventViaCloudTrail\" }, \"paths\" : { }, \"components\" : { \"schemas\" : { \"AWSEvent\" : { \"type\" : \"object\", \"required\" : [ \"detail-type\", \"resources\", \"id\", \"source\", \"time\", \"detail\", \"region\", \"version\", \"account\" ], \"x-amazon-events-detail-type\" : \"AWS Service Event via CloudTrail\", \"x-amazon-events-source\" : \"aws.organizations\", \"properties\" : { \"detail\" : { \"$ref\" : \"#/components/schemas/AWSServiceEventViaCloudTrail\" }, \"detail-type\" : { \"type\" : \"string\" }, \"resources\" : { \"type\" : \"array\", \"items\" : { \"type\" : \"string\" } }, \"id\" : { \"type\" : \"string\" }, \"source\" : { \"type\" : \"string\" }, \"time\" : { \"type\" : \"string\", \"format\" : \"date-time\" }, \"region\" : { \"type\" : \"string\" }, \"version\" : { \"type\" : \"string\" }, \"account\" : { \"type\" : \"string\" } } }, \"AWSServiceEventViaCloudTrail\" : { \"type\" : \"object\", \"required\" : [ \"eventID\", \"awsRegion\", \"eventVersion\", \"sourceIPAddress\", \"eventTime\", \"eventSource\", \"serviceEventDetails\", \"eventName\", \"userAgent\", \"readOnly\", \"userIdentity\", \"eventType\" ], \"properties\" : { \"serviceEventDetails\" : { \"$ref\" : \"#/components/schemas/ServiceEventDetails\" }, \"userIdentity\" : { \"$ref\" : \"#/components/schemas/UserIdentity\" }, \"eventID\" : { \"type\" : \"string\" }, \"awsRegion\" : { \"type\" : \"string\" }, \"eventVersion\" : { \"type\" : \"string\" }, \"sourceIPAddress\" : { \"type\" : \"string\" }, \"eventTime\" : { \"type\" : \"string\", \"format\" : \"date-time\" }, \"eventSource\" : { \"type\" : \"string\" }, \"eventName\" : { \"type\" : \"string\" }, \"userAgent\" : { \"type\" : \"string\" }, \"readOnly\" : { \"type\" : \"boolean\" }, \"eventType\" : { \"type\" : \"string\" } } }, \"ServiceEventDetails\" : { \"type\" : \"object\", \"required\" : [ \"createAccountStatus\" ], \"properties\" : { \"createAccountStatus\" : { \"$ref\" : \"#/components/schemas/CreateAccountStatus\" } } }, \"UserIdentity\" : { \"type\" : \"object\", \"required\" : [ \"accountId\", \"invokedBy\" ], \"properties\" : { \"accountId\" : { \"type\" : \"string\" }, \"invokedBy\" : { \"type\" : \"string\" } } }, \"CreateAccountStatus\" : { \"type\" : \"object\", \"required\" : [ \"accountId\", \"accountName\", \"completedTimestamp\", \"id\", \"state\", \"requestedTimestamp\" ], \"properties\" : { \"accountId\" : { \"type\" : \"string\" }, \"accountName\" : { \"type\" : \"string\" }, \"completedTimestamp\" : { \"type\" : \"string\" }, \"id\" : { \"type\" : \"string\" }, \"state\" : { \"type\" : \"string\" }, \"requestedTimestamp\" : { \"type\" : \"string\" } } } } } } ",
    "Description": "Schema for event type AWSServiceEventViaCloudTrail, published by AWS service aws.organizations",
    "LastModified": "2020-03-27T04:35:19Z",
    "SchemaArn": "",
    "SchemaName": "aws.organizations@AWSServiceEventViaCloudTrail",
    "SchemaVersion": "1",
    "Tags": {},
    "Type": "OpenApi3",
    "VersionCreatedDate": "2020-03-27T04:35:19Z"
}
