{
    "Content": "{ \"openapi\" : \"3.0.0\", \"info\" : { \"version\" : \"1.0.0\", \"title\" : \"AWSAPICallViaCloudTrail\" }, \"paths\" : { }, \"components\" : { \"schemas\" : { \"AWSEvent\" : { \"type\" : \"object\", \"required\" : [ \"detail-type\", \"resources\", \"id\", \"source\", \"time\", \"detail\", \"region\", \"version\", \"account\" ], \"x-amazon-events-detail-type\" : \"AWS API Call via CloudTrail\", \"x-amazon-events-source\" : \"aws.s3\", \"properties\" : { \"detail\" : { \"$ref\" : \"#/components/schemas/AWSAPICallViaCloudTrail\" }, \"detail-type\" : { \"type\" : \"string\" }, \"resources\" : { \"type\" : \"array\", \"items\" : { \"type\" : \"string\" } }, \"id\" : { \"type\" : \"string\" }, \"source\" : { \"type\" : \"string\" }, \"time\" : { \"type\" : \"string\", \"format\" : \"date-time\" }, \"region\" : { \"type\" : \"string\" }, \"version\" : { \"type\" : \"string\" }, \"account\" : { \"type\" : \"string\" } } }, \"AWSAPICallViaCloudTrail\" : { \"type\" : \"object\", \"required\" : [ \"eventID\", \"awsRegion\", \"eventVersion\", \"responseElements\", \"sourceIPAddress\", \"eventSource\", \"requestParameters\", \"resources\", \"userAgent\", \"readOnly\", \"userIdentity\", \"eventType\", \"additionalEventData\", \"requestID\", \"eventTime\", \"eventName\", \"recipientAccountId\" ], \"properties\" : { \"requestParameters\" : { \"$ref\" : \"#/components/schemas/RequestParameters\" }, \"userIdentity\" : { \"$ref\" : \"#/components/schemas/UserIdentity\" }, \"additionalEventData\" : { \"$ref\" : \"#/components/schemas/AdditionalEventData\" }, \"eventID\" : { \"type\" : \"string\" }, \"awsRegion\" : { \"type\" : \"string\" }, \"eventVersion\" : { \"type\" : \"string\" }, \"responseElements\" : { \"type\" : \"object\", \"nullable\" : true }, \"sourceIPAddress\" : { \"type\" : \"string\" }, \"eventSource\" : { \"type\" : \"string\" }, \"errorMessage\" : { \"type\" : \"string\" }, \"resources\" : { \"type\" : \"array\", \"items\" : { \"type\" : \"object\" } }, \"errorCode\" : { \"type\" : \"string\" }, \"userAgent\" : { \"type\" : \"string\" }, \"readOnly\" : { \"type\" : \"boolean\" }, \"eventType\" : { \"type\" : \"string\" }, \"vpcEndpointId\" : { \"type\" : \"string\" }, \"requestID\" : { \"type\" : \"string\" }, \"eventTime\" : { \"type\" : \"string\", \"format\" : \"date-time\" }, \"eventName\" : { \"type\" : \"string\" }, \"recipientAccountId\" : { \"type\" : \"string\" } } }, \"RequestParameters\" : { \"type\" : \"object\", \"required\" : [ \"bucketName\", \"key\" ], \"properties\" : { \"bucketName\" : { \"type\" : \"string\" }, \"legal-hold\" : { \"type\" : \"string\" }, \"key\" : { \"type\" : \"string\" }, \"retention\" : { \"type\" : \"string\" } } }, \"UserIdentity\" : { \"type\" : \"object\", \"required\" : [ \"accessKeyId\", \"sessionContext\", \"accountId\", \"principalId\", \"type\", \"arn\" ], \"properties\" : { \"sessionContext\" : { \"$ref\" : \"#/components/schemas/SessionContext\" }, \"accessKeyId\" : { \"type\" : \"string\" }, \"accountId\" : { \"type\" : \"string\" }, \"principalId\" : { \"type\" : \"string\" }, \"type\" : { \"type\" : \"string\" }, \"arn\" : { \"type\" : \"string\" } } }, \"AdditionalEventData\" : { \"type\" : \"object\", \"required\" : [ \"x-amz-id-2\" ], \"properties\" : { \"objectRetentionInfo\" : { \"$ref\" : \"#/components/schemas/ObjectRetentionInfo\" }, \"x-amz-id-2\" : { \"type\" : \"string\" } } }, \"SessionContext\" : { \"type\" : \"object\", \"required\" : [ \"attributes\" ], \"properties\" : { \"attributes\" : { \"$ref\" : \"#/components/schemas/Attributes\" } } }, \"ObjectRetentionInfo\" : { \"type\" : \"object\", \"properties\" : { \"legalHoldInfo\" : { \"$ref\" : \"#/components/schemas/LegalHoldInfo\" }, \"retentionInfo\" : { \"$ref\" : \"#/components/schemas/RetentionInfo\" } } }, \"Attributes\" : { \"type\" : \"object\", \"required\" : [ \"mfaAuthenticated\", \"creationDate\" ], \"properties\" : { \"mfaAuthenticated\" : { \"type\" : \"string\" }, \"creationDate\" : { \"type\" : \"string\", \"format\" : \"date-time\" } } }, \"LegalHoldInfo\" : { \"type\" : \"object\", \"properties\" : { \"lastModifiedTime\" : { \"type\" : \"integer\", \"format\" : \"int64\" }, \"isUnderLegalHold\" : { \"type\" : \"boolean\" } } }, \"RetentionInfo\" : { \"type\" : \"object\", \"properties\" : { \"lastModifiedTime\" : { \"type\" : \"integer\", \"format\" : \"int64\" }, \"retainUntilTime\" : { \"type\" : \"integer\", \"format\" : \"int64\" }, \"retainUntilMode\" : { \"type\" : \"string\" } } } } } } ",
    "Description": "Schema for event type AWSAPICallViaCloudTrail, published by AWS service aws.s3",
    "LastModified": "2021-06-29T17:39:59Z",
    "SchemaArn": "",
    "SchemaName": "aws.s3@AWSAPICallViaCloudTrail",
    "SchemaVersion": "3",
    "Tags": {},
    "Type": "OpenApi3",
    "VersionCreatedDate": "2021-06-29T17:39:59Z"
}
