{
    "Content": "{ \"openapi\" : \"3.0.0\", \"info\" : { \"version\" : \"1.0.0\", \"title\" : \"DataSyncTaskExecutionStateChange\" }, \"paths\" : { }, \"components\" : { \"schemas\" : { \"AWSEvent\" : { \"type\" : \"object\", \"required\" : [ \"detail-type\", \"resources\", \"id\", \"source\", \"time\", \"detail\", \"region\", \"version\", \"account\" ], \"x-amazon-events-detail-type\" : \"DataSync Task Execution State Change\", \"x-amazon-events-source\" : \"aws.datasync\", \"properties\" : { \"detail\" : { \"$ref\" : \"#/components/schemas/DataSyncTaskExecutionStateChange\" }, \"detail-type\" : { \"type\" : \"string\" }, \"resources\" : { \"type\" : \"array\", \"items\" : { \"type\" : \"string\" } }, \"id\" : { \"type\" : \"string\" }, \"source\" : { \"type\" : \"string\" }, \"time\" : { \"type\" : \"string\", \"format\" : \"date-time\" }, \"region\" : { \"type\" : \"string\" }, \"version\" : { \"type\" : \"string\" }, \"account\" : { \"type\" : \"string\" } } }, \"DataSyncTaskExecutionStateChange\" : { \"type\" : \"object\", \"required\" : [ \"State\" ], \"properties\" : { \"State\" : { \"type\" : \"array\", \"items\" : { \"type\" : \"string\" } } } } } } }",
    "Description": "Schema for event type DataSyncTaskExecutionStateChange, published by AWS service aws.datasync",
    "LastModified": "2020-03-27T04:35:19Z",
    "SchemaArn": "",
    "SchemaName": "aws.datasync@DataSyncTaskExecutionStateChange",
    "SchemaVersion": "1",
    "Tags": {},
    "Type": "OpenApi3",
    "VersionCreatedDate": "2020-03-27T04:35:19Z"
}
