{
    "Content": "{ \"openapi\" : \"3.0.0\", \"info\" : { \"version\" : \"1.0.0\", \"title\" : \"ECSContainerInstanceStateChange\" }, \"paths\" : { }, \"components\" : { \"schemas\" : { \"AWSEvent\" : { \"type\" : \"object\", \"required\" : [ \"detail-type\", \"resources\", \"id\", \"source\", \"time\", \"detail\", \"region\", \"version\", \"account\" ], \"x-amazon-events-detail-type\" : \"ECS Container Instance State Change\", \"x-amazon-events-source\" : \"aws.ecs\", \"properties\" : { \"detail\" : { \"$ref\" : \"#/components/schemas/ECSContainerInstanceStateChange\" }, \"detail-type\" : { \"type\" : \"string\" }, \"resources\" : { \"type\" : \"array\", \"items\" : { \"type\" : \"string\" } }, \"id\" : { \"type\" : \"string\" }, \"source\" : { \"type\" : \"string\" }, \"time\" : { \"type\" : \"string\", \"format\" : \"date-time\" }, \"region\" : { \"type\" : \"string\" }, \"version\" : { \"type\" : \"string\" }, \"account\" : { \"type\" : \"string\" } } }, \"ECSContainerInstanceStateChange\" : { \"type\" : \"object\", \"required\" : [ \"registeredResources\", \"remainingResources\", \"agentConnected\", \"versionInfo\", \"version\", \"clusterArn\", \"containerInstanceArn\", \"status\", \"updatedAt\" ], \"properties\" : { \"versionInfo\" : { \"$ref\" : \"#/components/schemas/VersionInfo\" }, \"ec2InstanceId\" : { \"type\" : \"string\" }, \"attachments\" : { \"type\" : \"array\", \"items\" : { \"$ref\" : \"#/components/schemas/AttachmentDetails\" } }, \"registeredResources\" : { \"type\" : \"array\", \"items\" : { \"$ref\" : \"#/components/schemas/ResourceDetails\" } }, \"remainingResources\" : { \"type\" : \"array\", \"items\" : { \"$ref\" : \"#/components/schemas/ResourceDetails\" } }, \"runningTasksCount\" : { \"type\" : \"number\" }, \"registeredAt\" : { \"type\" : \"string\", \"format\" : \"date-time\" }, \"agentConnected\" : { \"type\" : \"boolean\" }, \"agentUpdateStatus\" : { \"type\" : \"string\" }, \"version\" : { \"type\" : \"number\" }, \"pendingTasksCount\" : { \"type\" : \"number\" }, \"clusterArn\" : { \"type\" : \"string\" }, \"attributes\" : { \"type\" : \"array\", \"items\" : { \"$ref\" : \"#/components/schemas/AttributesDetails\" } }, \"containerInstanceArn\" : { \"type\" : \"string\" }, \"status\" : { \"type\" : \"string\" }, \"statusReason\" : { \"type\" : \"string\" }, \"updatedAt\" : { \"type\" : \"string\", \"format\" : \"date-time\" }, \"accountType\" : { \"type\" : \"string\" } } }, \"VersionInfo\" : { \"type\" : \"object\", \"properties\" : { \"dockerVersion\" : { \"type\" : \"string\" }, \"agentHash\" : { \"type\" : \"string\" }, \"agentVersion\" : { \"type\" : \"string\" } } }, \"AttachmentDetails\" : { \"type\" : \"object\", \"properties\" : { \"id\" : { \"type\" : \"string\" }, \"type\" : { \"type\" : \"string\" }, \"status\" : { \"type\" : \"string\" }, \"details\" : { \"type\" : \"object\", \"properties\" : { \"name\" : { \"type\" : \"string\" }, \"value\" : { \"type\" : \"string\" } } } } }, \"AttributesDetails\" : { \"type\" : \"object\", \"properties\" : { \"name\" : { \"type\" : \"string\" }, \"value\" : { \"type\" : \"string\" } } }, \"ResourceDetails\" : { \"type\" : \"object\", \"required\" : [ \"name\", \"type\" ], \"properties\" : { \"integerValue\" : { \"type\" : \"number\" }, \"longValue\" : { \"type\" : \"number\" }, \"doubleValue\" : { \"type\" : \"number\" }, \"name\" : { \"type\" : \"string\" }, \"stringSetValue\" : { \"type\" : \"array\", \"items\" : { \"type\" : \"string\", \"nullable\" : true } }, \"type\" : { \"type\" : \"string\" } } } } } } ",
    "Description": "Schema for event type ECSContainerInstanceStateChange, published by AWS service aws.ecs",
    "LastModified": "2020-03-27T04:35:19Z",
    "SchemaArn": "",
    "SchemaName": "aws.ecs@ECSContainerInstanceStateChange",
    "SchemaVersion": "1",
    "Tags": {},
    "Type": "OpenApi3",
    "VersionCreatedDate": "2020-03-27T04:35:19Z"
}
