{
    "Content": "{ \"openapi\": \"3.0.0\", \"info\": { \"version\": \"1.0.0\", \"title\": \"MGNSourceServerDataReplicationStalledChange\" }, \"paths\": {}, \"components\": { \"schemas\": { \"AWSEvent\": { \"type\": \"object\", \"required\": [\"detail-type\", \"resources\", \"detail\", \"id\", \"source\", \"time\", \"region\", \"version\", \"account\"], \"x-amazon-events-detail-type\": \"MGN Source Server Data Replication Stalled Change\", \"x-amazon-events-source\": \"aws.mgn\", \"properties\": { \"detail\": { \"$ref\": \"#/components/schemas/MGNSourceServerDataReplicationStalledChange\" }, \"account\": { \"type\": \"string\" }, \"detail-type\": { \"type\": \"string\" }, \"id\": { \"type\": \"string\" }, \"region\": { \"type\": \"string\" }, \"resources\": { \"type\": \"array\", \"items\": { \"type\": \"string\" } }, \"source\": { \"type\": \"string\" }, \"time\": { \"type\": \"string\", \"format\": \"date-time\" }, \"version\": { \"type\": \"string\" } } }, \"MGNSourceServerDataReplicationStalledChange\": { \"type\": \"object\", \"required\": [\"state\"], \"properties\": { \"state\": { \"type\": \"string\" } } } } } }",
    "Description": "Schema for event type MGNSourceServerDataReplicationStalledChange, published by AWS service aws.mgn",
    "LastModified": "2021-06-09T18:06:12Z",
    "SchemaArn": "",
    "SchemaName": "aws.mgn@MGNSourceServerDataReplicationStalledChange",
    "SchemaVersion": "1",
    "Tags": {},
    "Type": "OpenApi3",
    "VersionCreatedDate": "2021-06-09T18:06:12Z"
}
