{
    "Content": "{ \"openapi\" : \"3.0.0\", \"info\" : { \"version\" : \"1.0.0\", \"title\" : \"GameLiftMatchmakingEvent\" }, \"paths\" : { }, \"components\" : { \"schemas\" : { \"AWSEvent\" : { \"type\" : \"object\", \"required\" : [ \"detail-type\", \"resources\", \"detail\", \"id\", \"source\", \"time\", \"region\", \"version\", \"account\" ], \"x-amazon-events-detail-type\" : \"GameLift Matchmaking Event\", \"x-amazon-events-source\" : \"aws.gamelift\", \"properties\" : { \"detail\" : { \"$ref\" : \"#/components/schemas/GameLiftMatchmakingEvent\" }, \"account\" : { \"type\" : \"string\" }, \"detail-type\" : { \"type\" : \"string\" }, \"id\" : { \"type\" : \"string\" }, \"region\" : { \"type\" : \"string\" }, \"resources\" : { \"type\" : \"array\", \"items\" : { \"type\" : \"string\" } }, \"source\" : { \"type\" : \"string\" }, \"time\" : { \"type\" : \"string\", \"format\" : \"date-time\" }, \"version\" : { \"type\" : \"string\" } } }, \"GameLiftMatchmakingEvent\" : { \"type\" : \"object\", \"required\" : [ \"tickets\", \"gameSessionInfo\", \"type\" ], \"properties\" : { \"gameSessionInfo\" : { \"$ref\" : \"#/components/schemas/GameSessionInfo\" }, \"message\" : { \"type\" : \"string\" }, \"reason\" : { \"type\" : \"string\" }, \"ruleEvaluationMetrics\" : { \"type\" : \"array\", \"items\" : { \"$ref\" : \"#/components/schemas/RuleEvaluationMetrics\" } }, \"tickets\" : { \"type\" : \"array\", \"items\" : { \"$ref\" : \"#/components/schemas/Ticket\" } }, \"type\" : { \"type\" : \"string\" }, \"estimatedWaitMillis\" : { \"type\" : \"string\" }, \"acceptanceTimeout\" : { \"type\" : \"number\" }, \"acceptanceRequired\" : { \"type\" : \"boolean\" }, \"matchId\" : { \"type\" : \"string\" }, \"customEventData\" : { \"type\" : \"string\" } } }, \"GameSessionInfo\" : { \"type\" : \"object\", \"required\" : [ \"players\" ], \"properties\" : { \"players\" : { \"type\" : \"array\", \"items\" : { \"$ref\" : \"#/components/schemas/GameSessionInfoItem\" } }, \"gameSessionArn\" : { \"type\" : \"string\" }, \"ipAddress\" : { \"type\" : \"string\" }, \"port\" : { \"type\" : \"string\" } } }, \"RuleEvaluationMetrics\" : { \"type\" : \"object\", \"required\" : [ \"failedCount\", \"ruleName\", \"passedCount\" ], \"properties\" : { \"failedCount\" : { \"type\" : \"number\" }, \"passedCount\" : { \"type\" : \"number\" }, \"ruleName\" : { \"type\" : \"string\" } } }, \"Ticket\" : { \"type\" : \"object\", \"required\" : [ \"players\", \"startTime\", \"ticketId\" ], \"properties\" : { \"players\" : { \"type\" : \"array\", \"items\" : { \"$ref\" : \"#/components/schemas/GameSessionInfoItem\" } }, \"startTime\" : { \"type\" : \"string\", \"format\" : \"date-time\" }, \"ticketId\" : { \"type\" : \"string\" } } }, \"GameSessionInfoItem\" : { \"type\" : \"object\", \"required\" : [ \"playerId\" ], \"properties\" : { \"playerId\" : { \"type\" : \"string\" }, \"team\" : { \"type\" : \"string\" } } } } } }",
    "Description": "Schema for event type GameLiftMatchmakingEvent, published by AWS service aws.gamelift",
    "LastModified": "2020-03-27T04:35:20Z",
    "SchemaArn": "",
    "SchemaName": "aws.gamelift@GameLiftMatchmakingEvent",
    "SchemaVersion": "1",
    "Tags": {},
    "Type": "OpenApi3",
    "VersionCreatedDate": "2020-03-27T04:35:20Z"
}
