{
    "Content": "{ \"openapi\": \"3.0.0\", \"info\": { \"version\": \"1.0.0\", \"title\": \"TranslateTextTranslationJobStateChange\" }, \"paths\": {}, \"components\": { \"schemas\": { \"AWSEvent\": { \"type\": \"object\", \"required\": [\"detail-type\", \"resources\", \"detail\", \"id\", \"source\", \"time\", \"region\", \"version\", \"account\"], \"x-amazon-events-detail-type\": \"Translate TextTranslationJob State Change\", \"x-amazon-events-source\": \"aws.translate\", \"properties\": { \"detail\": { \"$ref\": \"#/components/schemas/TranslateTextTranslationJobStateChange\" }, \"account\": { \"type\": \"string\" }, \"detail-type\": { \"type\": \"string\" }, \"id\": { \"type\": \"string\" }, \"region\": { \"type\": \"string\" }, \"resources\": { \"type\": \"array\", \"items\": { \"type\": \"object\" } }, \"source\": { \"type\": \"string\" }, \"time\": { \"type\": \"string\", \"format\": \"date-time\" }, \"version\": { \"type\": \"string\" } } }, \"TranslateTextTranslationJobStateChange\": { \"type\": \"object\", \"required\": [\"jobId\", \"jobStatus\"], \"properties\": { \"jobId\": { \"type\": \"string\" }, \"jobStatus\": { \"type\": \"string\" } } } } } }",
    "Description": "Schema for event type TranslateParallelDataStateChange, published by AWS service aws.translate",
    "LastModified": "2021-11-24T20:21:26Z",
    "SchemaArn": "",
    "SchemaName": "aws.translate@TranslateParallelDataStateChange",
    "SchemaVersion": "1",
    "Tags": {},
    "Type": "OpenApi3",
    "VersionCreatedDate": "2021-11-24T20:21:26Z"
}
