{
    "Content": "{ \"openapi\": \"3.0.0\", \"info\": { \"version\": \"1.0.0\", \"title\": \"AWSAPICallViaCloudTrail\" }, \"paths\": {}, \"components\": { \"schemas\": { \"AWSEvent\" : { \"type\" : \"object\", \"required\" : [ \"detail-type\", \"resources\", \"id\", \"source\", \"time\", \"detail\", \"region\", \"version\", \"account\" ], \"x-amazon-events-detail-type\" : \"AWS API Call via CloudTrail\", \"x-amazon-events-source\" : \"aws.application-cost-profiler\", \"properties\" : { \"detail\" : { \"$ref\" : \"#/components/schemas/AWSAPICallViaCloudTrail\" }, \"detail-type\" : { \"type\" : \"string\" }, \"resources\" : { \"type\" : \"array\", \"items\" : { \"type\" : \"string\" } }, \"id\" : { \"type\" : \"string\" }, \"source\" : { \"type\" : \"string\" }, \"time\" : { \"type\" : \"string\", \"format\" : \"date-time\" }, \"region\" : { \"type\" : \"string\" }, \"version\" : { \"type\" : \"string\" }, \"account\" : { \"type\" : \"string\" } } }, \"AWSAPICallViaCloudTrail\": { \"type\": \"object\", \"required\": [\"eventID\", \"awsRegion\", \"eventVersion\", \"responseElements\", \"sourceIPAddress\", \"eventSource\", \"requestParameters\", \"userAgent\", \"eventType\", \"userIdentity\", \"requestID\", \"eventTime\", \"eventName\"], \"properties\": { \"requestParameters\": { \"$ref\": \"#/components/schemas/RequestParameters\" }, \"responseElements\": { \"$ref\": \"#/components/schemas/ResponseElements\" }, \"userIdentity\": { \"$ref\": \"#/components/schemas/UserIdentity\" }, \"awsRegion\": { \"type\": \"string\" }, \"eventID\": { \"type\": \"string\" }, \"eventName\": { \"type\": \"string\" }, \"eventSource\": { \"type\": \"string\" }, \"eventTime\": { \"type\": \"string\", \"format\": \"date-time\" }, \"eventType\": { \"type\": \"string\" }, \"eventVersion\": { \"type\": \"string\" }, \"requestID\": { \"type\": \"string\" }, \"sourceIPAddress\": { \"type\": \"string\" }, \"userAgent\": { \"type\": \"string\" } } }, \"RequestParameters\": { \"type\": \"object\", \"nullable\": true, \"properties\": { \"destinationS3Location\": { \"$ref\": \"#/components/schemas/DestinationS3Location\" }, \"sourceS3Location\": { \"$ref\": \"#/components/schemas/SourceS3Location\" }, \"format\": { \"type\": \"string\", \"nullable\": true }, \"reportDescription\": { \"type\": \"string\", \"nullable\": true }, \"reportFrequency\": { \"type\": \"string\", \"nullable\": true }, \"reportId\": { \"type\": \"string\", \"nullable\": true } } }, \"ResponseElements\": { \"type\": \"object\", \"nullable\": true, \"properties\": { \"importId\": { \"type\": \"string\" }, \"message\": { \"type\": \"string\", \"nullable\": true }, \"reportId\": { \"type\": \"string\", \"nullable\": true } } }, \"UserIdentity\": { \"type\": \"object\", \"required\": [\"accessKeyId\", \"sessionContext\", \"accountId\", \"principalId\", \"arn\", \"type\"], \"properties\": { \"sessionContext\": { \"$ref\": \"#/components/schemas/SessionContext\" }, \"accessKeyId\": { \"type\": \"string\" }, \"accountId\": { \"type\": \"string\" }, \"arn\": { \"type\": \"string\" }, \"principalId\": { \"type\": \"string\" }, \"type\": { \"type\": \"string\" } } }, \"DestinationS3Location\": { \"type\": \"object\", \"nullable\": true, \"properties\": { \"bucket\": { \"type\": \"string\", \"nullable\": true }, \"prefix\": { \"type\": \"string\", \"nullable\": true } } }, \"SourceS3Location\": { \"type\": \"object\", \"properties\": { \"bucket\": { \"type\": \"string\" }, \"key\": { \"type\": \"string\" } } }, \"SessionContext\": { \"type\": \"object\", \"required\": [\"sessionIssuer\", \"attributes\"], \"properties\": { \"attributes\": { \"$ref\": \"#/components/schemas/Attributes\" }, \"sessionIssuer\": { \"$ref\": \"#/components/schemas/SessionIssuer\" }, \"webIdFederationData\": { \"$ref\": \"#/components/schemas/WebIdFederationData\" } } }, \"Attributes\": { \"type\": \"object\", \"required\": [\"mfaAuthenticated\", \"creationDate\"], \"properties\": { \"creationDate\": { \"type\": \"string\", \"format\": \"date-time\" }, \"mfaAuthenticated\": { \"type\": \"string\" } } }, \"SessionIssuer\": { \"type\": \"object\", \"required\": [\"accountId\", \"principalId\", \"arn\", \"type\", \"userName\"], \"properties\": { \"accountId\": { \"type\": \"string\" }, \"arn\": { \"type\": \"string\" }, \"principalId\": { \"type\": \"string\" }, \"type\": { \"type\": \"string\" }, \"userName\": { \"type\": \"string\" } } }, \"WebIdFederationData\": { \"type\": \"object\" } } } }",
    "Description": "Schema for event type AWSAPICallViaCloudTrail, published by AWS service aws.applicationcostprofiler",
    "LastModified": "2021-06-29T17:39:56Z",
    "SchemaArn": "",
    "SchemaName": "aws.applicationcostprofiler@AWSAPICallViaCloudTrail",
    "SchemaVersion": "1",
    "Tags": {},
    "Type": "OpenApi3",
    "VersionCreatedDate": "2021-06-29T17:39:56Z"
}
