{
    "Content": "{ \"openapi\" : \"3.0.0\", \"info\" : { \"version\" : \"1.0.0\", \"title\" : \"AWSAPICallViaCloudTrail\" }, \"paths\" : { }, \"components\" : { \"schemas\" : { \"AWSEvent\" : { \"type\" : \"object\", \"required\" : [ \"detail-type\", \"resources\", \"id\", \"source\", \"time\", \"detail\", \"region\", \"version\", \"account\" ], \"x-amazon-events-detail-type\" : \"AWS API Call via CloudTrail\", \"x-amazon-events-source\" : \"aws.ecs\", \"properties\" : { \"detail\" : { \"$ref\" : \"#/components/schemas/AWSAPICallViaCloudTrail\" }, \"detail-type\" : { \"type\" : \"string\" }, \"resources\" : { \"type\" : \"array\", \"items\" : { \"type\" : \"string\" } }, \"id\" : { \"type\" : \"string\" }, \"source\" : { \"type\" : \"string\" }, \"time\" : { \"type\" : \"string\", \"format\" : \"date-time\" }, \"region\" : { \"type\" : \"string\" }, \"version\" : { \"type\" : \"string\" }, \"account\" : { \"type\" : \"string\" } } }, \"AWSAPICallViaCloudTrail\" : { \"type\" : \"object\", \"required\" : [ \"eventID\", \"awsRegion\", \"eventVersion\", \"responseElements\", \"sourceIPAddress\", \"eventSource\", \"requestParameters\", \"userAgent\", \"userIdentity\", \"eventType\", \"requestID\", \"eventTime\", \"eventName\" ], \"properties\" : { \"responseElements\" : { \"$ref\" : \"#/components/schemas/ResponseElements\" }, \"requestParameters\" : { \"$ref\" : \"#/components/schemas/RequestParameters\" }, \"userIdentity\" : { \"$ref\" : \"#/components/schemas/UserIdentity\" }, \"eventID\" : { \"type\" : \"string\" }, \"awsRegion\" : { \"type\" : \"string\" }, \"eventVersion\" : { \"type\" : \"string\" }, \"sourceIPAddress\" : { \"type\" : \"string\" }, \"eventSource\" : { \"type\" : \"string\" }, \"userAgent\" : { \"type\" : \"string\" }, \"eventType\" : { \"type\" : \"string\" }, \"requestID\" : { \"type\" : \"string\" }, \"eventTime\" : { \"type\" : \"string\", \"format\" : \"date-time\" }, \"eventName\" : { \"type\" : \"string\" } } }, \"ResponseElements\" : { \"type\" : \"object\", \"properties\" : { \"endpoint\" : { \"type\" : \"string\" }, \"failures\" : { \"type\" : \"object\" }, \"telemetryEndpoint\" : { \"type\" : \"string\" }, \"tasks\" : { \"type\" : \"array\", \"items\" : { \"$ref\" : \"#/components/schemas/ResponseElementsItem\" } }, \"acknowledgment\" : { \"type\" : \"string\" } } }, \"RequestParameters\" : { \"type\" : \"object\", \"required\" : [ \"cluster\" ], \"properties\" : { \"networkConfiguration\" : { \"$ref\" : \"#/components/schemas/NetworkConfiguration\" }, \"overrides\" : { \"$ref\" : \"#/components/schemas/Overrides\" }, \"placementConstraints\" : { \"type\" : \"array\", \"items\" : { \"$ref\" : \"#/components/schemas/RequestParametersItem\" } }, \"cluster\" : { \"type\" : \"string\" }, \"reason\" : { \"type\" : \"string\" }, \"executionStoppedAt\" : { \"type\" : \"string\" }, \"pullStoppedAt\" : { \"type\" : \"string\" }, \"startedBy\" : { \"type\" : \"string\" }, \"pullStartedAt\" : { \"type\" : \"string\" }, \"count\" : { \"type\" : \"number\" }, \"task\" : { \"type\" : \"string\" }, \"containerInstance\" : { \"type\" : \"string\" }, \"containers\" : { \"type\" : \"array\", \"items\" : { \"$ref\" : \"#/components/schemas/RequestParametersItem_1\" } }, \"taskDefinition\" : { \"type\" : \"string\" }, \"enableECSManagedTags\" : { \"type\" : \"boolean\" }, \"launchType\" : { \"type\" : \"string\" }, \"status\" : { \"type\" : \"string\" } } }, \"UserIdentity\" : { \"type\" : \"object\", \"required\" : [ \"accessKeyId\", \"sessionContext\", \"accountId\", \"principalId\", \"type\", \"arn\" ], \"properties\" : { \"sessionContext\" : { \"$ref\" : \"#/components/schemas/SessionContext\" }, \"accessKeyId\" : { \"type\" : \"string\" }, \"accountId\" : { \"type\" : \"string\" }, \"principalId\" : { \"type\" : \"string\" }, \"type\" : { \"type\" : \"string\" }, \"arn\" : { \"type\" : \"string\" }, \"invokedBy\" : { \"type\" : \"string\" } } }, \"ResponseElementsItem\" : { \"type\" : \"object\", \"nullable\" : true, \"required\" : [ \"memory\", \"attachments\", \"taskArn\", \"cpu\", \"overrides\", \"version\", \"tags\", \"createdAt\", \"clusterArn\", \"taskDefinitionArn\", \"containers\", \"lastStatus\", \"desiredStatus\", \"group\", \"launchType\" ], \"properties\" : { \"overrides\" : { \"$ref\" : \"#/components/schemas/Overrides_1\" }, \"memory\" : { \"type\" : \"string\", \"nullable\" : true }, \"attachments\" : { \"type\" : \"array\", \"items\" : { \"$ref\" : \"#/components/schemas/ResponseElementsItemItem\" } }, \"startedBy\" : { \"type\" : \"string\", \"nullable\" : true }, \"taskArn\" : { \"type\" : \"string\", \"nullable\" : true }, \"cpu\" : { \"type\" : \"string\", \"nullable\" : true }, \"version\" : { \"type\" : \"number\", \"nullable\" : true }, \"tags\" : { \"type\" : \"array\", \"nullable\" : true, \"items\" : { \"type\" : \"object\" } }, \"createdAt\" : { \"type\" : \"string\", \"nullable\" : true }, \"clusterArn\" : { \"type\" : \"string\", \"nullable\" : true }, \"taskDefinitionArn\" : { \"type\" : \"string\", \"nullable\" : true }, \"platformVersion\" : { \"type\" : \"string\", \"nullable\" : true }, \"containers\" : { \"type\" : \"array\", \"items\" : { \"$ref\" : \"#/components/schemas/ResponseElementsItemItem_1\" } }, \"containerInstanceArn\" : { \"type\" : \"string\", \"nullable\" : true }, \"lastStatus\" : { \"type\" : \"string\", \"nullable\" : true }, \"desiredStatus\" : { \"type\" : \"string\", \"nullable\" : true }, \"group\" : { \"type\" : \"string\", \"nullable\" : true }, \"launchType\" : { \"type\" : \"string\", \"nullable\" : true } } }, \"NetworkConfiguration\" : { \"type\" : \"object\", \"properties\" : { \"awsvpcConfiguration\" : { \"$ref\" : \"#/components/schemas/AwsvpcConfiguration\" } } }, \"Overrides\" : { \"type\" : \"object\", \"properties\" : { \"containerOverrides\" : { \"type\" : \"array\", \"items\" : { \"$ref\" : \"#/components/schemas/OverridesItem\" } } } }, \"RequestParametersItem\" : { \"type\" : \"object\", \"nullable\" : true, \"required\" : [ \"expression\", \"type\" ], \"properties\" : { \"expression\" : { \"type\" : \"string\", \"nullable\" : true }, \"type\" : { \"type\" : \"string\", \"nullable\" : true } } }, \"RequestParametersItem_1\" : { \"type\" : \"object\", \"nullable\" : true, \"required\" : [ \"containerName\", \"networkBindings\", \"status\" ], \"properties\" : { \"containerName\" : { \"type\" : \"string\", \"nullable\" : true }, \"exitCode\" : { \"type\" : \"number\", \"nullable\" : true }, \"networkBindings\" : { \"type\" : \"array\", \"nullable\" : true, \"items\" : { \"type\" : \"object\" } }, \"status\" : { \"type\" : \"string\", \"nullable\" : true } } }, \"SessionContext\" : { \"type\" : \"object\", \"required\" : [ \"webIdFederationData\", \"sessionIssuer\", \"attributes\" ], \"properties\" : { \"webIdFederationData\" : { \"type\" : \"object\" }, \"sessionIssuer\" : { \"$ref\" : \"#/components/schemas/SessionIssuer\" }, \"attributes\" : { \"$ref\" : \"#/components/schemas/Attributes\" } } }, \"Overrides_1\" : { \"type\" : \"object\", \"nullable\" : true, \"required\" : [ \"containerOverrides\", \"inferenceAcceleratorOverrides\" ], \"properties\" : { \"containerOverrides\" : { \"type\" : \"array\", \"items\" : { \"$ref\" : \"#/components/schemas/Overrides_1Item\" } }, \"inferenceAcceleratorOverrides\" : { \"type\" : \"array\", \"nullable\" : true, \"items\" : { \"type\" : \"object\" } } } }, \"ResponseElementsItemItem\" : { \"type\" : \"object\", \"nullable\" : true, \"required\" : [ \"details\", \"id\", \"type\", \"status\" ], \"properties\" : { \"details\" : { \"type\" : \"array\", \"items\" : { \"$ref\" : \"#/components/schemas/ResponseElementsItemItemItem\" } }, \"id\" : { \"type\" : \"string\", \"nullable\" : true }, \"type\" : { \"type\" : \"string\", \"nullable\" : true }, \"status\" : { \"type\" : \"string\", \"nullable\" : true } } }, \"ResponseElementsItemItem_1\" : { \"type\" : \"object\", \"nullable\" : true, \"required\" : [ \"image\", \"networkInterfaces\", \"taskArn\", \"name\", \"cpu\", \"containerArn\", \"lastStatus\" ], \"properties\" : { \"image\" : { \"type\" : \"string\", \"nullable\" : true }, \"networkInterfaces\" : { \"type\" : \"array\", \"nullable\" : true, \"items\" : { \"type\" : \"object\" } }, \"memory\" : { \"type\" : \"string\", \"nullable\" : true }, \"taskArn\" : { \"type\" : \"string\", \"nullable\" : true }, \"name\" : { \"type\" : \"string\", \"nullable\" : true }, \"cpu\" : { \"type\" : \"string\", \"nullable\" : true }, \"containerArn\" : { \"type\" : \"string\", \"nullable\" : true }, \"lastStatus\" : { \"type\" : \"string\", \"nullable\" : true } } }, \"AwsvpcConfiguration\" : { \"type\" : \"object\", \"properties\" : { \"assignPublicIp\" : { \"type\" : \"string\" }, \"subnets\" : { \"type\" : \"array\", \"items\" : { \"type\" : \"string\", \"nullable\" : true } } } }, \"OverridesItem\" : { \"type\" : \"object\", \"nullable\" : true, \"required\" : [ \"environment\", \"name\" ], \"properties\" : { \"resourceRequirements\" : { \"type\" : \"array\", \"nullable\" : true, \"items\" : { \"type\" : \"object\" } }, \"environment\" : { \"type\" : \"array\", \"items\" : { \"type\" : \"object\" } }, \"memory\" : { \"type\" : \"number\", \"nullable\" : true }, \"name\" : { \"type\" : \"string\", \"nullable\" : true }, \"cpu\" : { \"type\" : \"number\", \"nullable\" : true }, \"command\" : { \"type\" : \"array\", \"nullable\" : true, \"items\" : { \"type\" : \"string\", \"nullable\" : true } } } }, \"SessionIssuer\" : { \"type\" : \"object\", \"required\" : [ \"accountId\", \"principalId\", \"type\", \"arn\", \"userName\" ], \"properties\" : { \"accountId\" : { \"type\" : \"string\" }, \"principalId\" : { \"type\" : \"string\" }, \"type\" : { \"type\" : \"string\" }, \"arn\" : { \"type\" : \"string\" }, \"userName\" : { \"type\" : \"string\" } } }, \"Attributes\" : { \"type\" : \"object\", \"required\" : [ \"mfaAuthenticated\", \"creationDate\" ], \"properties\" : { \"mfaAuthenticated\" : { \"type\" : \"string\" }, \"creationDate\" : { \"type\" : \"string\", \"format\" : \"date-time\" } } }, \"Overrides_1Item\" : { \"type\" : \"object\", \"nullable\" : true, \"required\" : [ \"name\" ], \"properties\" : { \"resourceRequirements\" : { \"type\" : \"array\", \"nullable\" : true, \"items\" : { \"type\" : \"object\" } }, \"environment\" : { \"type\" : \"array\", \"items\" : { \"type\" : \"object\" } }, \"memory\" : { \"type\" : \"number\", \"nullable\" : true }, \"name\" : { \"type\" : \"string\", \"nullable\" : true }, \"cpu\" : { \"type\" : \"number\", \"nullable\" : true }, \"command\" : { \"type\" : \"array\", \"nullable\" : true, \"items\" : { \"type\" : \"string\", \"nullable\" : true } } } }, \"ResponseElementsItemItemItem\" : { \"type\" : \"object\", \"nullable\" : true, \"required\" : [ \"name\", \"value\" ], \"properties\" : { \"name\" : { \"type\" : \"string\", \"nullable\" : true }, \"value\" : { \"type\" : \"string\", \"nullable\" : true } } } } } } ",
    "Description": "Schema for event type AWSAPICallViaCloudTrail, published by AWS service aws.ecs",
    "LastModified": "2020-03-27T04:35:12Z",
    "SchemaArn": "",
    "SchemaName": "aws.ecs@AWSAPICallViaCloudTrail",
    "SchemaVersion": "1",
    "Tags": {},
    "Type": "OpenApi3",
    "VersionCreatedDate": "2020-03-27T04:35:12Z"
}
