{
    "Content": "{ \"openapi\" : \"3.0.0\", \"info\" : { \"version\" : \"1.0.0\", \"title\" : \"OpsWorksInstanceStateChange\" }, \"paths\" : { }, \"components\" : { \"schemas\" : { \"AWSEvent\" : { \"type\" : \"object\", \"required\" : [ \"detail-type\", \"resources\", \"id\", \"source\", \"time\", \"detail\", \"region\", \"version\", \"account\" ], \"x-amazon-events-detail-type\" : \"OpsWorks Instance State Change\", \"x-amazon-events-source\" : \"aws.opsworks\", \"properties\" : { \"detail\" : { \"$ref\" : \"#/components/schemas/OpsWorksInstanceStateChange\" }, \"detail-type\" : { \"type\" : \"string\" }, \"resources\" : { \"type\" : \"array\", \"items\" : { \"type\" : \"string\" } }, \"id\" : { \"type\" : \"string\" }, \"source\" : { \"type\" : \"string\" }, \"time\" : { \"type\" : \"string\", \"format\" : \"date-time\" }, \"region\" : { \"type\" : \"string\" }, \"version\" : { \"type\" : \"string\" }, \"account\" : { \"type\" : \"string\" } } }, \"OpsWorksInstanceStateChange\" : { \"type\" : \"object\", \"required\" : [ \"initiated_by\", \"hostname\", \"stack-id\", \"layer-ids\", \"instance-id\", \"ec2-instance-id\", \"status\" ], \"properties\" : { \"initiated_by\" : { \"type\" : \"string\" }, \"hostname\" : { \"type\" : \"string\" }, \"stack-id\" : { \"type\" : \"string\" }, \"layer-ids\" : { \"type\" : \"array\", \"items\" : { \"type\" : \"string\" } }, \"instance-id\" : { \"type\" : \"string\" }, \"ec2-instance-id\" : { \"type\" : \"string\" }, \"status\" : { \"type\" : \"string\" } } } } } }",
    "Description": "Schema for event type OpsWorksInstanceStateChange, published by AWS service aws.opsworks",
    "LastModified": "2020-03-27T04:35:19Z",
    "SchemaArn": "",
    "SchemaName": "aws.opsworks@OpsWorksInstanceStateChange",
    "SchemaVersion": "1",
    "Tags": {},
    "Type": "OpenApi3",
    "VersionCreatedDate": "2020-03-27T04:35:19Z"
}
