{
    "Content": "{ \"openapi\": \"3.0.0\", \"info\": { \"version\": \"1.0.0\", \"title\": \"ObjectDeleted\" }, \"paths\": {}, \"components\": { \"schemas\": { \"AWSEvent\": { \"type\": \"object\", \"required\": [ \"account\", \"detail\", \"detail-type\", \"id\", \"region\", \"resources\", \"source\", \"time\", \"version\" ], \"x-amazon-events-detail-type\": \"Object Deleted\", \"x-amazon-events-source\": \"aws.s3\", \"properties\": { \"account\": { \"type\": \"string\" }, \"detail\": { \"$ref\": \"#/components/schemas/ObjectDeleted\" }, \"detail-type\": { \"type\": \"string\" }, \"id\": { \"type\": \"string\" }, \"region\": { \"type\": \"string\" }, \"resources\": { \"type\": \"array\", \"items\": { \"type\": \"string\" } }, \"source\": { \"type\": \"string\" }, \"time\": { \"type\": \"string\", \"format\": \"date-time\" }, \"version\": { \"type\": \"string\" } } }, \"ObjectDeleted\": { \"type\": \"object\", \"required\": [ \"bucket\", \"deletion-type\", \"object\", \"reason\", \"requester\", \"request-id\", \"source-ip-address\", \"version\" ], \"properties\": { \"bucket\": { \"$ref\": \"#/components/schemas/Bucket\" }, \"object\": { \"$ref\": \"#/components/schemas/Object\" }, \"deletion-type\": { \"type\": \"string\" }, \"reason\": { \"type\": \"string\" }, \"request-id\": { \"type\": \"string\" }, \"requester\": { \"type\": \"string\" }, \"source-ip-address\": { \"type\": \"string\" }, \"version\": { \"type\": \"string\" } } }, \"Bucket\": { \"type\": \"object\", \"required\": [ \"name\" ], \"properties\": { \"name\": { \"type\": \"string\" } } }, \"Object\": { \"type\": \"object\", \"required\": [ \"etag\", \"key\", \"sequencer\" ], \"properties\": { \"etag\": { \"type\": \"string\" }, \"key\": { \"type\": \"string\" }, \"sequencer\": { \"type\": \"string\" }, \"version-id\": { \"type\": \"string\" } } } } } } ",
    "Description": "Schema for event type ObjectDeleted, published by AWS service aws.s3",
    "LastModified": "2021-11-29T21:54:12Z",
    "SchemaArn": "",
    "SchemaName": "aws.s3@ObjectDeleted",
    "SchemaVersion": "1",
    "Tags": {},
    "Type": "OpenApi3",
    "VersionCreatedDate": "2021-11-29T21:54:12Z"
}
