{
    "Content": "{ \"openapi\" : \"3.0.0\", \"info\" : { \"version\" : \"1.0.0\", \"title\" : \"BatchJobStateChange\" }, \"paths\" : { }, \"components\" : { \"schemas\" : { \"AWSEvent\" : { \"type\" : \"object\", \"required\" : [ \"detail-type\", \"resources\", \"id\", \"source\", \"time\", \"detail\", \"region\", \"version\", \"account\" ], \"x-amazon-events-detail-type\" : \"Batch Job State Change\", \"x-amazon-events-source\" : \"aws.batch\", \"properties\" : { \"detail\" : { \"$ref\" : \"#/components/schemas/BatchJobStateChange\" }, \"detail-type\" : { \"type\" : \"string\" }, \"resources\" : { \"type\" : \"array\", \"items\" : { \"type\" : \"string\" } }, \"id\" : { \"type\" : \"string\" }, \"source\" : { \"type\" : \"string\" }, \"time\" : { \"type\" : \"string\", \"format\" : \"date-time\" }, \"region\" : { \"type\" : \"string\" }, \"version\" : { \"type\" : \"string\" }, \"account\" : { \"type\" : \"string\" } } }, \"BatchJobStateChange\" : { \"type\" : \"object\", \"required\" : [ \"jobName\", \"container\", \"jobId\", \"createdAt\", \"jobQueue\", \"dependsOn\", \"retryStrategy\", \"parameters\", \"jobDefinition\", \"status\", \"attempts\" ], \"properties\" : { \"container\" : { \"$ref\" : \"#/components/schemas/Container\" }, \"retryStrategy\" : { \"$ref\" : \"#/components/schemas/RetryStrategy\" }, \"parameters\" : { \"type\" : \"object\" }, \"jobName\" : { \"type\" : \"string\" }, \"jobQueue\" : { \"type\" : \"string\" }, \"dependsOn\" : { \"type\" : \"array\", \"items\" : { \"$ref\" : \"#/components/schemas/JobDependency\" } }, \"startedAt\" : { \"type\" : \"integer\", \"format\" : \"int64\" }, \"jobId\" : { \"type\" : \"string\" }, \"createdAt\" : { \"type\" : \"integer\", \"format\" : \"int64\" }, \"stoppedAt\" : { \"type\" : \"integer\", \"format\" : \"int64\" }, \"statusReason\" : { \"type\" : \"string\" }, \"jobDefinition\" : { \"type\" : \"string\" }, \"status\" : { \"type\" : \"string\" }, \"attempts\" : { \"type\" : \"array\", \"items\" : { \"$ref\" : \"#/components/schemas/BatchJobStateChangeItem\" } } } }, \"Container\" : { \"type\" : \"object\", \"required\" : [ \"resourceRequirements\", \"image\", \"environment\", \"ulimits\", \"memory\", \"networkInterfaces\", \"volumes\", \"mountPoints\", \"vcpus\", \"command\" ], \"properties\" : { \"image\" : { \"type\" : \"string\" }, \"memory\" : { \"type\" : \"number\" }, \"logStreamName\" : { \"type\" : \"string\" }, \"taskArn\" : { \"type\" : \"string\" }, \"volumes\" : { \"type\" : \"array\", \"items\" : { \"$ref\" : \"#/components/schemas/Volumes\" } }, \"vcpus\" : { \"type\" : \"number\" }, \"command\" : { \"type\" : \"array\", \"items\" : { \"type\" : \"string\" } }, \"resourceRequirements\" : { \"type\" : \"array\", \"items\" : { \"$ref\" : \"#/components/schemas/ResourceRequirement\" } }, \"environment\" : { \"type\" : \"array\", \"items\" : { \"$ref\" : \"#/components/schemas/ContainerItem\" } }, \"ulimits\" : { \"type\" : \"array\", \"items\" : { \"$ref\" : \"#/components/schemas/ULimit\" } }, \"networkInterfaces\" : { \"type\" : \"array\", \"items\" : { \"$ref\" : \"#/components/schemas/NetworkInterface\" } }, \"mountPoints\" : { \"type\" : \"array\", \"items\" : { \"$ref\" : \"#/components/schemas/MountPoint\" } }, \"exitCode\" : { \"type\" : \"number\" }, \"containerInstanceArn\" : { \"type\" : \"string\" } } }, \"RetryStrategy\" : { \"type\" : \"object\", \"required\" : [ \"attempts\" ], \"properties\" : { \"attempts\" : { \"type\" : \"number\" } } }, \"BatchJobStateChangeItem\" : { \"type\" : \"object\", \"nullable\" : true, \"required\" : [ \"container\", \"stoppedAt\", \"statusReason\", \"startedAt\" ], \"properties\" : { \"container\" : { \"$ref\" : \"#/components/schemas/Container_1\" }, \"stoppedAt\" : { \"type\" : \"integer\", \"format\" : \"int64\", \"nullable\" : true }, \"statusReason\" : { \"type\" : \"string\", \"nullable\" : true }, \"startedAt\" : { \"type\" : \"integer\", \"format\" : \"int64\", \"nullable\" : true } } }, \"ContainerItem\" : { \"type\" : \"object\", \"nullable\" : true, \"required\" : [ \"name\", \"value\" ], \"properties\" : { \"name\" : { \"type\" : \"string\", \"nullable\" : true }, \"value\" : { \"type\" : \"string\", \"nullable\" : true } } }, \"Container_1\" : { \"type\" : \"object\", \"nullable\" : true, \"required\" : [ \"networkInterfaces\", \"logStreamName\", \"taskArn\", \"exitCode\", \"containerInstanceArn\" ], \"properties\" : { \"networkInterfaces\" : { \"type\" : \"array\", \"nullable\" : true, \"items\" : { \"type\" : \"object\" } }, \"logStreamName\" : { \"type\" : \"string\", \"nullable\" : true }, \"taskArn\" : { \"type\" : \"string\", \"nullable\" : true }, \"exitCode\" : { \"type\" : \"number\", \"nullable\" : true }, \"containerInstanceArn\" : { \"type\" : \"string\", \"nullable\" : true } } }, \"JobDependency\" : { \"type\" : \"object\", \"properties\" : { \"jobId\" : { \"type\" : \"string\" }, \"type\" : { \"type\" : \"string\" } } }, \"Volumes\" : { \"type\" : \"object\", \"properties\" : { \"name\" : { \"type\" : \"string\" }, \"host\" : { \"$ref\" : \"#/components/schemas/Host\" } } }, \"Host\" : { \"type\" : \"object\", \"properties\" : { \"sourcePath\" : { \"type\" : \"string\" } } }, \"ResourceRequirement\" : { \"type\" : \"object\", \"properties\" : { \"type\" : { \"type\" : \"string\" }, \"value\" : { \"type\" : \"string\" } } }, \"ULimit\" : { \"type\" : \"object\", \"properties\" : { \"hardLimit\" : { \"type\" : \"number\" }, \"softLimit\" : { \"type\" : \"number\" }, \"name\" : { \"type\" : \"string\" } } }, \"NetworkInterface\" : { \"type\" : \"object\", \"properties\" : { \"attachmentId\" : { \"type\" : \"number\" }, \"ipv6Address\" : { \"type\" : \"number\" }, \"privateIpv4Address\" : { \"type\" : \"string\" } } }, \"MountPoint\" : { \"type\" : \"object\", \"properties\" : { \"containerPath\" : { \"type\" : \"string\" }, \"readOnly\" : { \"type\" : \"boolean\" }, \"sourceVolume\" : { \"type\" : \"string\" } } } } } } ",
    "Description": "Schema for event type BatchJobStateChange, published by AWS service aws.batch",
    "LastModified": "2020-03-27T04:35:12Z",
    "SchemaArn": "",
    "SchemaName": "aws.batch@BatchJobStateChange",
    "SchemaVersion": "1",
    "Tags": {},
    "Type": "OpenApi3",
    "VersionCreatedDate": "2020-03-27T04:35:12Z"
}
